EmployeeNumber,MonthlyIncome,HourlyRate,MonthlyRate,DailyRate,StockOptionLevel,PercentSalaryHike
1,5993,94,19479,1102,0,11
2,5130,61,24907,279,1,23
4,2090,92,2396,1373,0,15
5,2909,56,23159,1392,0,11
7,3468,40,16632,591,1,12
8,3068,79,11864,1005,0,13
10,2670,81,9964,1324,3,20
11,2693,67,13335,1358,1,22
12,9526,44,8787,216,0,21
13,5237,94,16577,1299,2,13
14,2426,84,16479,809,1,13
15,4193,49,12682,153,0,12
16,2911,31,15170,670,1,17
18,2661,93,8758,1346,1,11
19,2028,50,12947,103,0,14
20,9980,51,10195,1389,1,11
21,3298,80,15053,334,2,12
22,2935,96,7324,1123,2,13
23,15427,78,22021,1219,0,16
24,3944,45,4306,371,0,11
26,4011,96,8232,673,1,18
27,3407,82,6986,1218,0,23
28,11994,53,21293,419,0,11
30,1232,96,19281,391,0,14
31,2960,83,17102,699,0,11
32,19094,58,10735,1282,1,11
33,3919,72,4681,1125,0,22
35,6825,48,21173,691,1,11
36,10248,42,2094,477,1,14
38,18947,83,22822,705,0,12
39,2496,78,6670,924,0,11
40,6465,41,19121,1459,0,13
41,2206,83,16117,125,0,13
42,2086,56,3335,895,1,14
45,2293,61,3020,813,1,16
46,2645,72,21923,1273,2,12
47,2683,86,3810,869,0,14
49,2014,97,9687,890,0,13
51,3419,82,13072,852,1,14
52,5376,42,3193,1141,2,19
53,1951,75,10910,464,1,12
54,2341,33,19715,1240,1,13
55,2293,48,10558,1357,0,12
56,8726,37,2975,994,0,15
57,4011,58,10781,721,0,23
58,19545,49,16280,1360,0,12
60,4568,72,10034,1065,0,20
61,3022,73,10227,408,0,21
62,5772,98,20445,1211,0,21
63,2269,36,4892,1229,0,19
64,5381,98,19294,626,0,13
65,3441,50,11179,1434,0,13
68,5454,75,4009,1488,1,21
70,9884,79,8302,1097,1,13
72,4157,47,21436,1443,1,19
73,13458,98,15146,515,0,12
74,9069,71,11031,853,1,22
75,4014,30,16002,1142,1,15
76,5915,48,9528,655,1,22
77,5993,51,2689,1115,1,18
78,6162,33,10877,427,1,22
79,2406,50,5456,653,0,11
80,18740,43,16701,989,1,12
81,7637,99,2354,1435,0,11
83,10096,59,8202,1223,3,13
84,14756,33,19730,836,3,14
85,6499,95,22656,1195,0,13
86,9724,59,18787,1339,1,17
88,2194,79,5868,664,1,13
90,3388,79,21777,318,1,17
91,5473,57,24668,1225,0,11
94,2703,76,4956,1328,1,23
95,2501,87,18775,1082,0,17
96,6220,66,7346,548,2,17
97,3038,55,22002,132,0,12
98,4424,61,20682,746,0,23
100,4312,32,23016,776,0,14
101,13245,52,15067,193,0,14
102,13664,30,25258,397,0,13
103,5021,80,10425,945,1,22
104,5126,55,15998,852,2,12
105,2859,30,26278,1214,0,18
106,10239,70,18092,111,1,14
107,5329,79,15717,573,3,12
110,4325,94,17736,1153,0,15
112,7260,49,21698,1400,0,11
113,2322,62,9518,541,1,13
116,2075,96,18725,432,2,23
117,4152,99,15830,288,3,19
118,9619,64,13596,669,0,16
119,13503,78,14115,530,1,22
120,5441,71,8423,632,0,22
121,5209,63,19760,1334,3,12
124,10673,40,3142,638,1,13
125,5010,87,24301,1093,0,16
126,13549,60,24001,1217,1,12
128,4999,33,17519,1353,1,21
129,4221,43,8863,120,0,15
131,13872,37,24409,682,0,13
132,2042,67,25043,489,1,12
133,2073,63,23648,807,0,22
134,2956,71,15178,827,0,13
137,2926,66,19783,871,0,18
138,4809,41,12482,665,0,14
139,5163,100,15850,1040,1,14
140,18844,32,21922,1420,1,21
141,18172,73,9755,1115,0,19
142,5744,46,26959,240,0,11
143,2889,64,26897,1280,2,11
144,2871,59,23785,534,0,15
145,7484,30,25796,1456,0,20
147,6074,66,22887,658,0,24
148,17328,30,13871,142,0,12
150,2774,52,13257,1127,1,12
151,4505,45,15000,1031,1,15
152,7428,87,14506,1189,0,12
153,11631,45,5615,1354,0,12
154,9738,92,22952,1467,1,14
155,2835,39,2561,922,1,22
158,16959,92,19494,394,2,12
159,2613,96,22310,1312,3,25
160,6146,95,15480,750,1,13
161,4963,72,4510,441,3,18
162,19537,51,6462,684,0,13
163,6172,76,20739,249,0,18
164,2368,46,23300,841,0,19
165,10312,94,3465,147,1,12
167,1675,50,26820,528,0,19
169,2523,100,19299,594,1,14
170,6567,96,5549,470,0,14
171,4739,72,16090,957,0,12
174,9208,77,6645,809,0,11
175,4559,71,24788,542,1,11
176,8189,96,21196,802,1,13
177,2942,61,8916,1355,1,23
178,4941,84,2819,216,2,20
179,10650,53,25150,1150,0,15
182,5902,47,14590,1329,1,14
183,8639,41,24835,959,0,18
184,6347,48,13982,1240,0,19
190,4200,41,10224,1033,0,22
192,3452,83,9752,1316,0,13
193,4317,32,2302,364,0,20
194,2632,75,23910,438,0,14
195,4668,35,22812,689,3,17
197,3204,84,10415,201,1,14
198,2720,35,11162,1427,0,13
199,17181,91,12888,857,1,13
200,2238,94,6961,933,1,21
201,1483,79,16102,1181,0,14
202,5605,54,8504,1395,1,11
204,7295,94,11439,662,2,13
205,2306,34,16047,1436,1,20
206,2348,60,10901,194,1,18
207,8998,43,15589,967,0,14
208,4319,41,26283,1496,1,13
211,6132,34,13983,1169,0,17
214,3346,75,11873,1145,1,20
215,10855,67,8552,630,1,11
216,2231,75,11314,303,1,18
217,2323,80,11992,1256,2,24
218,2024,57,5970,691,1,18
221,2713,42,6672,440,1,11
223,9439,83,23402,334,1,16
224,2566,79,25326,1450,1,15
226,19926,53,17053,1452,0,15
227,2451,56,4609,465,1,12
228,9419,41,8053,1339,1,12
230,8686,59,12930,702,0,22
231,3038,43,12430,120,0,20
233,3058,51,13364,1157,1,16
235,2325,100,20989,602,0,21
238,2088,30,15062,1480,0,12
239,3072,66,11012,111,2,11
240,5006,30,6319,1268,1,11
241,4257,67,13939,713,1,18
242,2500,90,10515,134,0,14
243,1102,47,9241,303,0,22
244,10453,92,2137,526,3,25
245,2288,75,6319,1380,0,12
246,3929,95,6984,140,1,23
247,2311,95,5711,629,0,15
248,3140,70,21728,1356,0,22
249,3690,86,3425,328,1,15
250,4450,57,26250,1084,2,11
252,2756,72,4673,931,1,13
253,19033,46,6499,989,1,14
254,18722,61,13339,692,0,11
256,9547,45,14074,1069,0,17
258,13734,98,7192,313,0,18
259,19999,65,5678,699,1,14
260,2279,99,11781,894,0,16
261,5916,50,15497,556,0,13
262,2089,37,5228,1344,3,14
264,16792,65,20462,1195,1,23
267,3564,65,22977,290,1,12
269,4425,37,15986,138,0,11
270,5265,36,16439,926,1,16
271,6553,88,7259,1261,0,14
273,6261,54,4185,1084,1,18
274,4298,60,9679,472,1,19
275,6804,92,23793,1002,2,15
277,3815,43,5972,878,1,17
281,2741,99,16523,905,1,15
282,6673,70,11354,1180,0,19
283,7639,35,24525,121,3,22
284,2328,60,12392,1136,1,16
286,2153,73,7703,635,0,13
287,4876,63,14242,1151,1,14
288,9396,97,12368,644,1,16
291,10400,32,25812,1045,0,11
292,8474,88,20925,829,0,22
293,9981,90,12916,1242,0,14
296,12490,81,15736,1469,2,16
297,2657,88,8556,1005,0,11
298,13591,75,14674,896,0,18
299,6696,52,22967,334,0,15
300,2058,85,19757,992,0,14
302,8865,57,16840,1052,0,12
303,5940,52,17011,1147,1,14
304,5914,62,9945,1396,0,16
305,2622,47,13248,147,0,21
306,12185,47,10056,663,3,14
307,10609,76,9647,119,2,12
308,4345,90,4381,979,1,12
309,2177,70,8456,142,1,17
311,2793,41,2539,319,1,17
312,7918,42,6599,1413,1,14
314,8789,92,9096,944,0,14
315,2389,86,14961,896,0,13
316,3212,89,3300,1323,0,15
319,19232,58,4933,532,0,11
321,2267,52,25657,818,0,17
323,19517,68,24118,854,1,11
325,2436,58,22149,813,1,13
327,16064,80,7744,1034,1,22
328,2707,39,21509,465,0,20
329,19068,79,21030,771,0,18
330,3931,56,20990,1401,1,11
331,3730,62,9571,515,0,14
332,2232,96,15417,1431,3,14
333,4465,100,12069,976,0,18
334,3072,36,19877,1411,2,16
335,3319,62,24447,1300,2,17
336,19202,70,15970,252,1,11
337,13675,73,13523,1327,1,12
338,2911,63,14776,832,1,13
339,5957,84,23687,470,1,13
340,3920,83,18697,1017,1,14
341,6434,77,5118,1199,1,17
342,10048,61,22573,504,2,11
343,10938,64,6420,505,0,25
346,2340,60,22673,665,0,19
347,6545,82,23016,916,0,13
349,6931,45,10732,1247,1,14
350,4898,62,7505,685,2,12
351,2593,56,8007,269,1,11
352,19436,49,5949,1416,1,19
353,2723,96,23231,833,0,11
355,3479,71,11652,307,0,11
359,2794,100,26062,1311,0,20
361,5249,39,19682,1327,1,18
362,2176,84,19737,128,0,13
363,16872,75,14977,488,1,12
364,3485,79,14935,529,0,11
366,6644,78,3687,1210,2,19
367,5582,64,14408,1463,1,21
369,4000,85,18384,675,2,12
372,13496,79,7501,1385,0,14
373,3210,47,20251,1403,1,11
374,19045,81,18938,452,0,14
376,11849,88,10268,666,1,12
377,2070,94,2613,1158,1,23
378,6502,98,22825,228,1,14
379,3230,100,10531,996,0,17
380,13603,80,11677,728,2,18
381,11996,71,19100,1315,1,18
382,5605,44,19191,322,1,24
384,6397,84,26767,1479,1,20
385,19144,96,15815,797,2,14
386,17584,45,21016,1070,3,16
387,4907,99,24532,635,0,25
388,4554,44,20260,442,0,18
389,5415,37,15972,147,1,19
390,4741,60,22722,496,1,13
391,2115,42,15881,1372,0,12
392,3161,43,19920,920,1,22
393,5745,82,18899,688,1,14
394,2373,45,14180,1449,1,13
395,3310,66,4488,1117,0,21
396,18665,35,25594,636,0,11
397,4485,30,26285,506,0,12
399,2789,84,3909,444,1,11
401,5828,48,8450,950,0,12
403,2326,53,11411,889,3,12
404,13525,77,14864,555,1,14
405,1420,54,25233,230,0,13
406,8020,96,5100,1232,2,15
407,3688,81,7122,566,2,18
408,5482,84,16321,1302,1,18
410,16015,88,15896,334,0,19
411,1200,69,9724,812,0,12
412,5661,68,4824,1476,0,19
416,6929,100,12241,218,1,11
417,9613,48,10942,1132,3,17
419,5674,47,6927,1105,1,15
420,5484,91,16985,906,1,14
421,12061,81,26707,849,1,17
422,5660,32,17056,390,1,13
423,4821,86,10077,691,1,12
424,6410,62,17822,106,0,12
425,5210,97,20308,1249,1,18
426,2695,32,7747,192,1,18
428,11878,74,23364,553,2,11
429,17068,99,5355,117,0,14
430,2455,33,10675,185,0,19
431,13964,90,17810,1091,0,12
433,4941,85,17747,723,0,15
434,2478,85,20938,1220,0,12
436,5228,65,24624,588,0,11
437,4478,74,5242,1377,0,11
438,7547,73,7143,691,3,12
439,5055,74,10557,1018,0,16
440,3464,84,24737,1157,0,13
441,5775,64,11934,1275,2,13
442,8943,48,14034,798,1,24
444,19272,54,21141,672,1,15
445,5238,41,17778,1162,0,18
446,4682,46,4317,508,0,14
447,18300,42,16375,1482,1,11
448,5257,82,6227,559,1,11
449,6349,73,22107,210,1,13
450,4869,31,16885,928,0,12
451,9985,43,9262,1001,1,16
452,3697,75,9278,549,2,14
453,7457,57,13273,1124,3,22
454,2119,77,4759,318,0,11
455,3983,30,7621,738,0,17
456,6118,30,5431,570,3,13
458,6214,56,3415,1130,1,18
460,6347,61,23177,1192,2,16
461,11510,92,15682,343,1,14
462,7143,39,25713,1232,0,14
463,8268,39,11866,144,2,14
464,8095,62,18264,1296,0,13
465,2904,83,16092,1309,2,12
466,6032,95,10110,483,0,15
467,2976,99,25751,1309,0,19
468,15992,44,15901,810,0,14
469,4649,61,16928,746,1,14
470,2696,52,24017,544,1,11
471,2370,75,3956,1062,1,13
473,12504,91,23978,530,1,21
474,5974,51,17001,1319,2,13
475,4736,85,6069,641,1,12
476,5296,57,20156,933,1,17
477,6781,98,17078,1332,0,23
478,2174,99,9150,756,0,11
479,6653,45,15276,845,0,15
481,9699,48,7246,541,1,11
482,6755,88,2967,593,0,11
483,2213,46,22495,1171,1,13
484,2610,39,2851,895,0,24
485,2851,34,9150,350,0,13
486,3452,98,17663,921,1,20
487,5258,30,16044,1144,0,14
488,9355,56,9558,143,0,18
491,10496,100,2755,1046,0,15
492,6380,68,6110,575,2,12
493,2657,42,7551,408,0,16
494,2716,90,25422,156,0,15
495,2201,54,18168,1283,0,16
496,6540,97,19394,755,0,19
497,3816,82,17881,1469,1,11
498,5253,92,20750,304,0,16
499,10965,31,12066,1261,0,24
500,4936,87,14862,1178,1,11
501,2543,96,11868,329,1,13
502,5304,67,4652,1362,0,13
505,16659,97,23258,1311,0,13
507,4260,77,5915,1371,1,12
508,2476,72,17434,202,1,18
510,3102,73,6582,575,0,22
511,2244,43,24440,253,1,13
513,7596,61,3809,164,2,13
514,2285,40,3427,464,0,23
515,3034,95,26914,1107,1,12
516,5715,46,22553,759,2,12
517,2576,95,20490,201,1,16
518,4197,49,21123,1305,0,12
520,14336,59,4345,982,1,11
521,3448,78,13436,555,1,22
522,19406,86,8509,821,1,11
523,6538,72,12740,1381,1,15
524,4306,31,4156,480,1,12
525,2258,61,15238,313,1,20
526,4522,74,2227,1473,0,14
527,4487,99,12090,891,0,11
529,4449,72,23866,1063,2,15
530,2218,98,16193,329,1,12
531,19197,52,8213,1218,1,14
532,13212,86,18256,906,3,11
533,6577,83,19558,1082,0,11
534,8392,49,19566,645,1,16
536,4558,79,13535,1300,1,12
538,4031,91,9396,688,1,13
543,7969,39,19609,319,0,14
544,2654,69,9655,192,2,21
546,16555,30,10310,1490,0,13
547,4556,92,12932,532,1,11
548,6091,43,24793,317,0,20
549,19566,41,3854,422,0,11
550,4810,87,26314,1485,1,14
551,4523,88,4386,1368,3,11
554,3202,62,21972,1448,0,16
555,2351,33,12253,296,1,16
556,1702,42,12106,1490,1,23
558,18041,79,13022,1398,0,14
560,2886,90,3032,1349,2,22
562,2097,53,16734,1400,1,15
564,11935,93,21526,986,0,18
565,2546,71,18300,408,0,16
566,2564,52,18437,489,0,12
567,8412,69,2890,1398,0,11
568,14118,56,22102,210,1,12
569,17046,88,9314,1099,1,15
571,2564,49,7181,1116,0,14
573,10266,80,2845,1499,0,19
574,5070,65,7389,983,3,13
575,17861,51,2288,1009,0,13
577,4230,46,19225,144,0,15
578,3780,42,23428,548,0,11
579,2768,62,8416,1303,1,12
580,9071,94,11563,1125,1,19
581,10648,33,14394,1274,1,25
582,13610,56,24619,1277,0,12
584,3408,38,6705,587,3,13
585,2983,57,18398,413,0,14
586,7632,72,14295,1276,0,12
587,9824,66,22908,534,0,12
590,9950,43,11533,988,3,15
591,2093,97,9260,1474,1,17
592,9980,32,15318,635,0,14
593,3894,99,9129,1368,0,16
595,4051,37,19658,163,1,14
597,16835,83,9873,1117,0,23
599,6230,56,13430,267,0,14
600,4717,85,18659,619,0,11
601,13237,75,20364,302,0,15
602,3755,48,17872,443,1,11
604,6582,77,8346,828,0,13
605,7406,56,6950,319,1,21
606,4805,61,16177,561,1,19
608,2741,58,22808,426,1,11
611,4262,34,22645,232,2,12
612,16184,95,22578,922,1,19
613,11557,44,25291,688,1,21
614,1878,69,8059,1306,0,14
615,10932,58,11373,1094,1,15
616,6811,62,2112,509,0,17
618,4306,45,4267,775,2,12
620,4859,80,6698,195,0,16
621,5337,74,19921,258,0,12
622,2340,66,23213,471,0,18
623,7491,59,23848,799,0,17
624,10527,86,8984,1034,0,11
625,16595,91,5626,1276,1,16
626,8834,69,24666,142,1,13
630,5577,78,22087,956,2,12
631,4707,60,23914,1474,0,12
632,2400,38,5530,535,2,13
634,9824,76,22174,1495,1,19
635,6447,65,15701,446,1,12
638,19502,58,2125,1245,1,17
639,2725,89,21630,691,2,11
641,6272,66,7428,703,2,20
643,2127,94,9100,823,1,21
644,18200,99,7999,1246,1,11
645,2096,40,26376,622,0,11
647,2886,55,14168,1287,1,16
648,2033,74,14470,448,1,18
649,3622,83,22794,254,1,13
650,4233,46,11512,1365,0,17
652,3681,54,14004,538,0,14
653,5460,66,6219,525,2,22
655,2187,66,5013,798,2,12
656,9602,75,3010,558,1,11
657,2836,83,11757,959,0,13
659,4089,81,5718,622,2,13
661,16627,50,2671,782,1,14
662,2619,43,14561,362,0,17
663,5679,72,19627,1001,1,13
664,15402,40,17997,1236,1,11
665,5985,50,26894,1112,0,11
666,2579,31,2912,204,2,18
667,3041,85,16346,1420,1,11
669,3447,49,24444,1343,0,11
671,19513,35,9358,1315,1,12
675,2773,69,12145,604,0,20
677,7104,39,20431,1216,0,12
679,6322,92,18089,646,1,12
680,2083,71,22653,160,1,20
682,8381,34,7507,238,0,20
683,2691,42,7660,1397,1,12
684,4286,100,5630,306,2,14
686,2659,71,17759,991,1,13
689,9434,36,9606,482,1,15
690,5561,62,3487,1176,1,14
691,6646,82,19368,1017,0,13
692,7725,30,5335,1296,1,23
698,10725,88,6729,397,1,15
699,8847,48,13934,913,1,11
700,2045,54,15174,1115,0,13
701,1009,32,26999,1362,0,11
702,3348,70,3164,1076,0,11
704,1281,41,16900,727,2,18
705,2819,58,8544,885,1,16
707,4851,57,15678,810,1,22
709,4028,46,7791,243,0,20
710,2720,76,18959,806,1,18
712,8120,56,18597,817,0,12
714,4647,71,16673,1410,2,20
715,4680,80,15232,1225,0,17
716,3221,74,3297,1207,3,11
717,8621,46,17654,1442,0,14
720,4577,65,24785,693,0,14
721,4553,80,20978,408,0,11
722,5396,55,21703,929,0,12
723,6796,50,23452,562,1,14
724,7625,33,19383,827,0,13
725,7412,68,6009,608,0,11
727,11159,39,19373,1018,0,15
728,4960,42,11825,703,0,12
729,10475,48,23772,580,1,21
730,14814,59,13514,970,0,19
731,19141,73,8861,427,3,15
732,5405,84,11924,1179,0,14
733,8793,32,4809,294,2,21
734,19189,59,19562,314,1,12
738,3875,54,9983,316,1,15
741,2216,67,3872,654,0,13
742,11713,63,20335,427,1,14
743,7861,81,15397,168,0,14
744,3708,49,2104,381,0,14
746,13770,49,10225,217,2,12
747,5304,99,25275,501,1,23
749,2642,99,2755,1396,0,11
752,2759,57,20366,933,0,12
754,6804,47,23683,775,1,18
757,6142,96,7360,970,0,11
758,2500,37,4344,650,1,14
760,6389,44,18767,141,1,15
762,11103,81,20420,832,0,11
763,2342,86,22929,804,0,20
764,6811,55,23398,975,0,19
766,2297,83,17967,1090,2,14
769,2450,86,10919,346,0,17
771,5093,61,4761,1225,1,11
772,5309,80,21146,430,2,15
773,3057,92,20471,268,1,13
775,5121,32,4187,167,1,14
776,16856,31,10084,621,0,11
780,2686,63,5207,527,0,13
781,6180,32,22807,883,0,23
783,6632,46,12388,954,0,13
784,3505,79,19630,310,0,18
785,6397,77,10339,719,0,12
786,6274,60,18686,304,0,22
787,19859,78,21199,725,1,13
789,7587,76,14229,1434,0,15
791,4258,41,26589,715,1,18
792,4364,71,5288,575,1,14
793,4335,66,25549,657,1,12
796,5326,38,3064,1146,0,17
797,3280,72,13551,182,0,16
799,5485,95,22670,376,2,11
800,4342,84,24008,829,1,19
802,2782,82,19905,571,2,13
803,5980,75,26085,240,0,12
804,4381,86,7530,121,0,11
805,2572,72,20317,384,1,16
806,3833,38,24375,921,2,21
807,4244,38,9931,791,1,24
808,6500,93,13305,1111,1,17
809,18430,66,16225,570,1,13
811,1601,63,3445,1243,2,21
812,2694,60,26551,1092,3,11
813,3149,82,21821,1325,1,20
815,17639,64,6881,691,0,16
816,2319,36,6689,805,1,11
817,11691,49,25995,213,0,11
819,5324,69,26507,118,0,15
820,16752,33,12982,202,1,11
823,5228,35,23361,676,1,15
824,2700,81,23779,1252,1,24
825,19246,31,25761,286,0,12
826,2506,40,13301,1258,0,13
827,6062,43,4051,932,1,13
828,4382,46,16374,890,0,17
829,2143,36,25527,1041,1,13
830,6162,98,19124,859,1,12
832,5094,51,11983,720,0,14
833,6877,52,20234,946,0,24
834,2274,95,6153,252,0,14
836,4434,98,11806,933,1,13
837,6288,45,4284,471,1,15
838,2553,100,8306,702,0,16
840,7654,43,5860,1184,2,18
842,5160,37,21519,436,0,16
843,17159,94,5200,589,1,24
844,12808,42,8842,269,1,16
845,10221,59,18869,950,0,21
846,4779,81,3698,760,0,20
847,3737,88,2243,829,1,19
848,2366,88,20898,887,1,14
850,1706,50,16571,443,3,11
851,16307,66,5594,1318,1,14
852,5933,50,5197,625,0,12
854,3424,65,21632,180,0,13
855,4037,48,21816,586,1,22
856,2559,53,17852,1343,0,11
857,6201,56,2823,928,1,14
859,4403,73,9250,117,1,11
861,3761,75,2373,1012,1,12
862,10934,78,20715,661,1,18
864,10761,74,19239,930,1,12
865,5175,91,22162,638,1,12
867,13826,81,19028,890,0,22
868,6334,66,24558,342,2,19
869,4936,63,23965,1169,1,13
872,4775,33,19146,1230,2,22
874,2818,62,5044,986,1,24
875,2515,35,9068,1271,0,14
878,2342,77,8635,1278,0,21
879,4194,98,14363,141,0,18
880,10685,66,23457,607,1,20
881,2022,96,16612,130,1,19
882,2314,61,9148,300,1,12
885,4256,87,18154,583,0,12
887,3580,36,10554,1418,1,16
888,3162,46,10778,1269,0,17
889,6524,48,8891,379,1,14
893,2899,98,12102,395,1,19
894,5231,95,23726,1265,1,13
895,2356,48,14871,1222,1,19
896,2800,48,23522,341,3,19
897,11836,73,22789,868,1,14
899,10903,78,9129,672,0,16
900,2973,54,21222,1231,1,15
901,14275,72,20206,102,0,18
902,5562,33,21782,422,1,13
903,4537,35,17783,249,1,22
904,7642,32,4814,1252,0,13
905,17924,98,4544,881,1,11
909,5204,42,7790,1383,2,11
910,2277,57,22650,1075,1,11
911,2795,87,18016,374,0,24
912,2532,62,6054,1086,3,14
913,2559,61,7508,661,0,13
916,4908,98,24252,821,0,14
918,2380,57,13384,781,1,14
920,4765,55,23814,177,1,21
922,2044,49,22052,500,0,13
923,2693,65,8870,1427,0,19
924,6586,68,4821,1425,1,17
925,3294,65,13137,1454,0,18
926,4171,34,10022,617,1,19
927,2778,57,17725,1085,1,13
930,2377,77,9834,995,1,18
932,2404,70,4303,1122,0,21
933,2318,76,17808,618,0,19
934,2008,83,6896,546,2,14
936,6244,68,7824,462,0,17
939,2799,100,3339,1198,0,11
940,10552,37,9255,1272,1,13
941,2329,41,11737,154,0,15
942,4014,51,19170,1137,1,25
944,7403,51,22477,527,1,11
945,2259,51,5543,1469,2,17
947,6932,45,24406,1188,1,13
949,4678,65,23293,188,0,18
950,13582,80,16292,1333,1,13
951,2332,70,3974,1184,0,20
952,2413,36,18798,867,3,18
954,9705,67,20652,658,1,12
956,4294,52,11148,1283,0,12
957,4721,59,3119,263,0,13
958,2519,79,12287,938,0,21
959,2121,37,9947,419,0,13
960,2973,84,13008,129,0,19
961,5855,41,17369,616,2,11
964,3617,35,25063,1469,1,14
966,6725,93,13554,498,1,12
967,10325,51,5518,530,1,11
969,6949,42,12291,1069,0,14
970,10609,46,14922,625,0,11
972,4447,57,23163,805,0,12
974,2157,84,18203,1404,1,15
975,4601,86,6179,1219,0,16
976,17099,70,13829,1053,1,15
977,2479,51,26227,289,0,24
981,14852,45,13938,1376,1,13
982,7264,62,9977,231,1,11
983,5666,85,19899,152,0,13
984,7823,92,6812,882,1,13
985,7880,41,2560,903,0,18
986,13194,100,17071,1479,0,16
987,5067,64,6759,1379,0,19
990,5079,84,25952,1229,2,13
991,2321,46,10322,335,0,22
992,17444,38,20489,722,0,11
994,2404,92,11479,906,0,20
995,3452,53,17241,461,0,18
996,2270,91,11005,974,2,14
997,17399,66,6615,1126,1,22
998,5488,84,20161,827,1,13
999,19419,64,3735,840,1,17
1001,2811,37,12086,1134,1,14
1002,3633,42,14039,248,1,15
1003,4163,83,8571,955,0,17
1004,2132,48,11539,138,0,11
1005,13973,95,4161,939,1,18
1006,2684,66,12127,1391,1,17
1007,10845,75,24208,566,1,13
1009,4377,41,24117,1206,2,15
1010,3743,39,10074,622,1,24
1011,4148,96,11275,853,1,12
1012,1051,73,13493,287,0,15
1013,10739,56,13943,1441,1,11
1014,10388,57,6975,583,1,11
1015,11416,73,17802,153,3,12
1016,2600,98,18275,1097,0,15
1017,2422,60,25725,109,0,17
1018,5472,32,3334,1066,0,12
1019,2451,94,6881,217,1,15
1022,4240,97,13119,277,0,13
1024,10999,78,22245,1355,0,14
1025,5003,42,23371,549,0,14
1026,12742,65,7060,466,1,16
1027,4227,47,4658,1055,1,18
1028,3917,45,9541,802,1,20
1029,18303,90,7770,265,0,13
1030,2380,64,20165,804,0,18
1032,13726,69,21829,715,0,13
1033,4777,61,14382,1141,0,15
1034,6385,62,12992,135,2,14
1035,19973,55,20284,247,2,22
1036,6861,42,4981,1035,0,12
1037,4969,79,21813,265,0,18
1038,19845,57,25846,266,1,15
1039,13320,53,11737,1448,1,18
1040,6347,95,24920,145,1,12
1042,2743,43,8269,885,0,16
1043,10880,82,5083,945,0,13
1044,2342,88,21437,1038,0,19
1045,17650,90,5404,1234,1,13
1046,4025,69,11135,1109,0,12
1047,9725,75,12278,216,1,11
1048,11904,66,11038,1089,1,14
1049,2177,36,8318,788,0,16
1050,7525,38,23537,124,1,12
1052,4834,81,7858,660,1,14
1053,2042,57,15346,342,1,14
1055,2220,87,18410,1333,1,19
1056,1052,74,23384,1144,0,22
1060,2821,44,2997,1186,1,16
1061,19237,62,12853,1464,1,11
1062,4107,35,13848,124,0,15
1066,8396,74,22217,300,1,14
1068,2007,66,25265,921,2,13
1069,19627,40,21445,430,2,17
1070,10686,41,8392,1082,1,11
1071,2942,63,12154,1240,1,19
1073,8858,51,15669,796,0,11
1074,16756,40,17323,444,0,15
1076,10798,79,5268,415,1,13
1077,2323,54,17205,769,0,14
1079,1416,36,17258,1334,0,13
1080,4615,74,21029,1003,3,23
1081,2461,34,10332,1323,3,12
1082,8722,72,12355,1366,0,12
1083,3955,59,11141,192,2,16
1084,9957,85,9096,1176,1,15
1085,3376,43,18863,509,0,13
1088,8823,65,24608,330,1,18
1092,10322,61,26542,1492,1,20
1094,4621,87,5869,1277,3,19
1096,10976,65,15813,1091,1,18
1097,3660,59,7909,857,0,13
1098,10482,91,2326,1376,1,14
1099,7119,34,21214,654,1,15
1100,9582,86,10333,1204,0,22
1101,4508,54,3129,827,0,22
1102,2207,50,22482,895,1,16
1103,7756,45,22266,618,0,17
1105,6694,88,24223,309,3,14
1106,3691,32,4605,1219,1,15
1107,2377,37,19373,1330,1,20
1108,2313,55,2993,1017,0,20
1109,17665,35,14399,469,1,17
1111,2596,45,7160,1009,2,15
1113,4728,81,17251,959,0,14
1114,4302,30,13401,970,1,17
1115,2979,40,22478,697,3,17
1116,16885,35,16154,1262,0,22
1117,5593,65,17970,1050,1,13
1118,10445,87,15322,994,0,19
1119,8740,73,5569,770,2,14
1120,2514,93,26968,1107,1,22
1121,7655,93,8039,950,3,17
1124,17465,52,15596,406,1,12
1125,7351,32,20619,130,0,16
1126,10820,83,11535,1082,1,11
1127,12169,84,13547,203,3,11
1128,19626,44,17544,1308,0,14
1131,2070,70,25326,984,0,11
1132,6782,70,8770,439,0,15
1133,7779,78,23238,217,0,20
1135,2791,67,21981,793,1,12
1136,3201,67,19911,1451,0,17
1137,4968,54,18500,1182,1,11
1138,13120,56,11879,174,1,17
1140,4033,95,15834,1003,0,11
1143,3291,61,17940,490,2,14
1148,4272,56,9558,188,0,19
1150,5056,79,17689,718,1,15
1152,2844,37,6004,433,1,13
1154,2703,39,22088,773,1,14
1156,1904,80,13556,247,0,12
1157,8224,77,18385,603,0,17
1158,4766,46,9051,167,1,11
1160,2610,72,6233,874,1,12
1161,5731,52,17171,367,2,13
1162,2539,55,7950,199,1,13
1163,5714,70,5829,1400,0,20
1164,4323,100,7108,528,0,17
1165,7336,45,11162,408,1,13
1166,13499,88,13782,593,0,17
1167,13758,44,2447,481,0,12
1171,5155,45,2253,647,0,13
1172,2258,58,16340,982,1,12
1173,3597,49,6409,477,0,22
1175,2515,79,22955,1485,0,11
1177,4420,82,13421,1384,1,22
1179,6578,72,2706,852,1,18
1180,4422,92,21203,902,1,13
1182,10274,44,19588,819,1,18
1184,5343,97,25755,669,0,20
1185,2376,47,26537,636,1,13
1188,5346,85,9489,1372,0,13
1190,2827,76,14947,862,3,12
1191,19943,92,18575,718,1,13
1192,3131,54,26342,1401,1,13
1193,2552,54,7172,645,0,25
1195,4477,83,20100,1457,1,19
1196,6474,56,9961,977,1,13
1198,3033,87,12828,805,0,12
1200,2936,96,10826,1097,0,11
1201,18606,50,18640,1223,1,18
1202,2168,69,26933,942,1,18
1203,2853,48,4223,1256,1,11
1204,17048,69,24097,1402,0,23
1206,2290,74,4279,111,0,13
1207,3600,99,8429,147,1,13
1210,2107,95,20293,906,1,17
1211,4115,61,13192,1329,3,19
1212,4327,62,25440,1184,3,12
1215,17856,30,9490,1421,1,22
1216,3196,78,12449,1179,3,12
1217,19081,52,10849,1450,1,11
1218,8966,94,21026,1361,3,15
1219,2210,97,3372,984,1,13
1220,4539,82,4905,1146,1,12
1221,2741,60,6865,917,1,14
1224,3491,49,11309,853,3,13
1225,4541,32,7744,200,0,25
1226,2678,43,5050,654,0,17
1228,7379,60,17433,150,1,11
1231,6272,79,12858,179,1,16
1233,5220,52,10893,696,1,18
1234,2743,77,7331,116,1,20
1235,4998,38,2338,1316,0,14
1237,10252,77,4235,363,1,21
1238,2781,60,6311,117,1,13
1239,6852,84,11591,107,1,12
1240,4950,57,20623,1356,0,14
1241,3579,63,9369,1465,1,21
1242,13191,60,23281,458,0,17
1243,10377,78,13755,1212,1,11
1244,2235,42,14377,1103,2,14
1245,10502,53,9659,966,1,17
1246,2011,72,19982,1117,1,13
1248,1859,96,6148,504,0,25
1249,3760,97,5598,1010,3,15
1250,17779,85,23474,685,0,14
1251,6833,80,17089,1332,0,12
1252,6812,96,17198,1062,0,19
1254,5171,48,16490,326,0,17
1255,19740,96,18625,920,1,14
1256,18711,85,12124,1098,1,13
1257,3692,46,9256,469,0,12
1258,2559,76,16620,969,0,11
1259,2517,76,3208,1167,3,11
1260,6623,82,4204,1329,2,11
1263,18265,76,8733,715,0,12
1264,16124,87,3423,694,2,14
1265,2585,89,21643,1320,0,17
1267,18213,88,8751,1099,1,11
1268,8380,82,21708,536,2,14
1269,2994,57,21221,265,0,12
1270,1223,47,16901,373,1,22
1273,1118,73,8040,599,0,14
1275,2875,53,9973,583,0,20
1277,18824,94,2493,1449,0,16
1278,13577,37,25592,177,1,15
1279,2625,45,25308,251,0,20
1280,18789,33,9946,168,1,14
1281,4538,86,6039,131,0,12
1282,19847,83,19196,237,1,24
1283,10512,67,20002,1429,0,12
1285,4444,46,22534,135,2,13
1286,2154,44,6842,791,0,11
1288,19190,92,17477,1199,2,14
1289,4490,56,21833,648,2,11
1291,3506,66,6020,735,0,14
1292,2372,78,5628,603,0,16
1293,10231,56,20364,531,0,14
1294,5410,53,2323,429,0,11
1295,7978,73,14075,621,1,11
1296,3867,52,14222,193,1,12
1297,2838,40,4257,968,0,14
1298,4695,72,12858,879,0,18
1299,3339,39,17285,806,2,13
1301,2080,84,4732,640,0,11
1303,2096,40,18830,266,0,18
1304,6209,56,11693,604,2,15
1306,18061,83,13035,364,0,22
1307,17123,94,17334,412,2,13
1308,2372,88,26076,848,2,12
1309,4883,79,22845,1089,1,18
1310,3904,93,22154,360,0,13
1311,4627,48,23631,1138,1,12
1312,7094,63,5747,325,0,12
1314,3423,44,22957,991,0,12
1315,6674,55,16392,1476,3,11
1317,16880,43,22422,1322,0,11
1318,9094,57,17235,299,0,12
1319,8446,64,21534,1030,0,19
1321,11916,95,25927,634,2,23
1322,4534,32,13352,524,0,11
1324,9852,57,8935,587,1,19
1329,6151,40,22074,256,0,13
1331,2302,54,8319,1060,0,11
1333,2362,89,14669,935,0,12
1334,17861,37,26582,495,0,13
1336,19187,58,6992,282,1,14
1338,19717,99,4022,206,0,14
1340,3544,74,8532,458,1,16
1344,8500,86,5494,943,1,11
1346,4661,98,22455,523,0,13
1349,4103,66,4297,1018,1,17
1350,4249,87,2690,482,0,11
1352,14026,84,17588,770,1,11
1355,6893,31,19461,1009,1,15
1356,6125,66,23553,507,0,12
1358,3669,67,9075,882,3,11
1360,10008,53,12023,601,0,14
1361,2387,88,6762,329,1,22
1362,4639,83,2261,607,1,16
1363,7898,54,18706,855,0,11
1364,2534,98,6527,1291,1,14
1367,13142,82,24439,1405,0,16
1368,1611,97,19305,1124,0,15
1369,5363,60,10846,817,1,12
1371,5071,43,20392,793,0,20
1372,13695,85,9277,267,0,17
1373,13402,68,18235,1369,1,12
1374,2029,92,15891,999,3,20
1375,6377,89,13888,1202,3,20
1377,5429,86,17491,285,2,13
1379,2785,90,11882,703,0,14
1380,4614,67,23288,662,1,18
1382,2610,57,15748,693,3,11
1383,6687,98,6163,404,0,11
1387,4724,48,24232,736,1,11
1389,6179,98,21057,330,2,15
1390,6120,44,3567,1498,2,12
1391,10596,52,15395,541,0,11
1392,5467,75,13953,1200,2,14
1394,2996,54,5182,1439,0,15
1395,9998,61,19293,1111,0,13
1396,4078,36,20497,499,3,13
1397,10920,71,3449,1485,1,21
1399,6232,93,12477,1372,0,11
1401,13247,59,9731,322,1,11
1402,4081,73,20003,930,0,14
1403,5769,98,7100,205,0,11
1405,2394,51,25681,135,0,13
1407,3904,36,4050,683,0,12
1408,16799,31,16616,1147,1,14
1409,2950,54,17363,258,0,13
1411,3629,94,19106,1462,0,18
1412,9362,60,19944,200,0,11
1415,3229,81,4910,949,1,11
1417,3578,100,23577,652,0,12
1419,7988,51,9769,332,0,13
1420,4284,97,22710,1475,0,20
1421,7553,84,22930,337,0,12
1422,17328,54,5652,971,0,19
1423,19701,76,22456,1055,1,21
1424,14732,81,12414,1136,2,13
1425,9278,99,20763,1174,0,16
1427,1359,50,16154,667,0,12
1428,4779,73,12761,855,2,14
1430,16422,93,8847,182,0,11
1431,2996,91,20284,560,2,14
1433,1261,34,22262,202,0,12
1434,2099,91,7679,1377,0,14
1435,5810,37,22604,172,0,16
1436,5647,98,13494,329,2,13
1438,3420,74,10205,465,1,12
1439,4400,68,15182,383,0,12
1440,3500,84,25470,1413,0,14
1441,2066,90,10494,1255,1,22
1443,17169,82,26703,359,2,19
1445,4162,42,15211,1476,2,12
1446,9204,97,23343,601,1,12
1447,3294,86,3708,401,1,17
1448,2127,90,5561,1283,0,12
1449,3975,81,23099,663,2,11
1453,10793,31,8386,326,1,18
1457,10096,52,15986,377,1,11
1458,3646,54,17181,592,0,23
1459,7446,100,8931,1445,0,11
1460,10851,95,19863,1038,1,18
1461,2109,96,24609,1398,0,18
1464,3722,94,21081,523,1,13
1465,9380,55,14720,1448,2,18
1466,5486,96,24795,1221,3,11
1467,2742,52,3072,1107,0,15
1468,13757,55,25178,218,1,11
1469,8463,84,23490,866,0,18
1471,3162,90,7973,981,0,14
1472,16598,39,19764,447,0,12
1473,6651,96,21534,1495,1,14
1474,2345,68,8045,896,1,14
1475,3420,49,21158,1467,0,13
1477,4373,54,17456,430,2,14
1478,4759,81,15891,1326,0,18
1479,5301,96,2939,1358,2,15
1480,3673,74,16458,748,0,13
1481,4768,79,9282,383,1,12
1482,1274,64,7152,990,2,13
1483,4900,93,2721,405,1,24
1484,10466,35,20948,1490,2,14
1485,17007,71,11929,829,2,14
1486,2909,92,15747,1496,1,15
1487,5765,51,17485,115,0,11
1489,4599,40,7815,790,0,23
1492,2404,76,16192,660,1,13
1494,3172,89,16998,381,0,11
1495,2033,78,7103,830,1,13
1496,10209,86,19719,1193,0,18
1497,8620,77,23757,1246,2,14
1499,2064,46,15428,330,1,21
1501,4035,30,16143,1229,0,16
1502,3838,82,8192,1099,0,11
1503,4591,78,24200,571,1,17
1504,2561,38,5355,289,0,11
1506,1563,72,12530,1423,1,14
1507,4898,55,11827,467,0,14
1509,4789,43,23070,271,1,25
1513,3180,97,4668,410,3,13
1514,6549,96,3173,1083,2,14
1515,6388,69,22049,516,0,17
1516,11244,64,21072,495,0,25
1520,16032,87,24456,1050,1,20
1522,2362,100,7568,224,0,13
1523,16328,32,22074,136,1,13
1525,8376,32,9150,1089,0,18
1527,16606,51,11380,228,1,12
1529,8606,91,21195,1029,0,19
1533,2272,97,24812,507,0,14
1534,2018,86,21831,676,0,14
1535,7083,64,12288,971,0,14
1537,4084,33,4156,561,0,12
1539,14411,88,24450,333,0,13
1541,2308,55,4944,1440,1,25
1542,4841,68,24052,1210,1,14
1543,4285,47,3031,674,0,17
1544,9715,39,7288,441,1,13
1545,4320,44,24152,575,0,13
1546,2132,97,4585,950,1,20
1547,10124,40,18611,288,1,14
1548,5473,47,19345,1342,0,12
1549,5207,79,22949,589,1,12
1550,16437,38,17381,898,0,21
1551,2296,57,10036,350,3,14
1552,4069,72,8841,1142,0,18
1553,7441,66,20933,538,3,12
1554,2430,98,26204,1402,2,23
1555,5878,67,15624,824,1,12
1556,2644,70,17001,1157,0,21
1557,6439,96,13693,492,1,14
1558,2451,91,22376,598,2,18
1560,6392,46,10589,1242,1,13
1562,9714,64,5323,740,1,11
1563,6077,71,14814,888,0,11
1564,2450,68,21731,992,0,19
1568,9250,33,17799,1288,1,12
1569,2074,69,26619,104,1,12
1572,10169,78,14618,607,1,16
1573,4855,81,7653,903,2,11
1574,4087,62,25174,1200,1,14
1576,2367,65,16530,1108,1,12
1577,2972,35,22061,479,0,13
1578,19586,60,23037,685,1,21
1580,5484,45,13008,1351,1,17
1581,2061,89,11133,474,0,21
1582,9924,80,12355,1245,1,11
1583,4198,90,16379,437,0,12
1585,6815,73,21447,884,0,13
1586,4723,87,16213,1370,0,18
1587,6142,51,4223,670,0,16
1588,8237,38,4658,1462,1,11
1590,8853,87,24483,995,1,19
1591,19331,59,19519,264,1,16
1592,2073,45,12826,977,1,16
1594,5562,80,19711,1302,1,13
1595,19613,93,26362,1059,0,22
1596,3407,46,25348,750,2,17
1597,5063,92,15332,653,1,14
1598,4639,84,11262,118,1,15
1599,4876,87,5855,990,1,12
1601,2690,63,7713,1349,1,18
1602,17567,56,3156,563,0,15
1604,2408,51,7324,329,3,17
1605,2814,85,10293,457,0,14
1606,11245,41,20689,1234,1,15
1607,3312,35,18783,634,2,17
1608,19049,31,3549,1313,1,14
1609,2141,48,5348,241,1,12
1611,5769,50,23447,1015,0,14
1612,4385,52,24162,336,1,15
1613,5332,54,21602,715,0,13
1614,4663,76,12421,559,2,12
1615,4724,42,17000,426,1,13
1617,3211,84,22102,722,1,14
1618,5377,76,3835,1387,3,13
1619,4066,67,16290,1302,2,11
1621,5208,48,26312,819,0,11
1622,4877,39,20460,580,1,21
1623,3117,97,26009,546,0,18
1624,1569,70,18420,544,0,12
1625,19658,98,5220,1176,1,11
1627,3069,76,10302,170,1,15
1628,10435,80,25800,884,2,13
1630,4148,52,12250,208,1,12
1631,5768,85,26493,671,3,17
1633,5042,81,3140,711,0,13
1635,5770,59,5388,1329,2,19
1638,7756,54,14199,397,1,19
1639,10306,55,21530,737,0,17
1640,3936,71,9953,1470,1,11
1641,7945,84,19948,448,0,15
1642,5743,37,10503,602,0,11
1644,15202,89,5602,365,1,25
1645,5440,59,22098,763,2,14
1646,3760,32,17218,567,0,13
1647,3517,86,22490,486,0,17
1648,2580,87,6297,591,0,13
1649,2166,73,3339,1329,0,14
1650,5869,42,23413,469,0,11
1651,8008,42,22792,711,2,12
1653,5206,77,4973,772,2,17
1654,5295,66,7693,492,0,21
1655,16413,72,3498,301,2,16
1656,13269,50,21981,813,3,15
1657,2783,31,13251,1141,0,19
1658,5433,66,19332,1130,1,12
1659,2013,77,10950,311,0,11
1661,13966,41,11652,465,1,19
1662,4374,33,15411,894,0,15
1664,6842,79,26308,1040,1,20
1665,17426,91,18685,584,1,25
1666,17603,65,3525,1291,1,24
1667,4581,36,10414,880,0,24
1668,4735,90,9867,1189,2,15
1669,4187,43,3356,991,1,13
1670,5505,93,3921,392,2,14
1671,5470,45,25518,977,2,13
1673,5476,67,22589,1112,2,11
1674,2587,74,24941,464,1,16
1675,2440,42,23826,148,0,22
1676,15972,47,21086,1225,3,14
1677,15379,36,22384,809,0,14
1678,7082,80,11591,1206,0,16
1680,2728,54,21082,727,0,11
1681,5368,36,16130,530,1,25
1682,5347,80,7419,1351,2,14
1683,3195,44,4167,528,3,18
1684,3989,93,20586,1320,0,11
1687,3306,87,26176,1495,1,19
1689,7005,48,3458,1395,0,15
1691,2655,95,11740,708,2,11
1692,1393,95,24852,1259,0,12
1693,2570,76,11925,786,0,20
1694,3537,94,23737,1441,1,12
1696,3986,57,11912,1157,1,14
1697,10883,92,20467,370,1,20
1698,2028,79,13637,267,3,18
1700,9525,31,7677,1278,2,14
1701,2929,35,20338,678,0,12
1702,2275,99,25103,427,1,21
1703,7879,96,14810,921,1,19
1704,4930,79,13970,146,0,14
1706,7847,73,6069,1179,1,17
1707,4401,62,17616,581,1,16
1708,9241,35,15869,918,0,12
1709,2974,43,25412,1082,1,17
1710,4502,51,7439,530,0,15
1712,10748,74,3395,1238,1,23
1714,1555,58,11585,240,1,11
1716,12936,82,24164,1093,0,11
1718,2305,62,6217,390,3,15
1719,16704,48,17119,1005,0,11
1720,3433,56,17360,585,1,13
1721,3477,69,18103,741,1,14
1722,6430,60,20794,552,1,19
1724,6516,92,5041,369,1,16
1725,3907,91,3622,506,3,13
1727,5562,34,9697,717,0,14
1728,6883,49,5151,1370,1,16
1729,2862,33,3811,793,1,12
1731,4978,87,3536,543,1,11
1732,10368,74,5596,1277,1,12
1733,6134,96,8658,1456,3,13
1734,6735,34,12147,964,0,15
1735,3295,51,12862,160,0,13
1736,5238,30,6670,163,0,20
1737,6472,77,8989,792,1,15
1739,9610,80,3840,371,1,13
1740,19833,88,4349,611,0,14
1744,9756,56,6595,176,2,21
1745,4968,78,26427,1312,0,16
1746,2145,59,2097,897,1,14
1747,2180,66,9732,600,1,11
1749,8346,51,20943,1003,1,19
1751,3445,67,6152,1054,0,11
1752,2760,52,14630,428,0,13
1753,6294,70,23060,461,0,12
1754,7140,94,3088,979,1,11
1755,2932,97,5586,181,3,14
1756,5147,62,10697,1283,0,15
1757,4507,80,8191,1313,0,12
1758,8564,74,10092,211,0,20
1760,2468,75,15963,594,1,14
1761,8161,70,19002,1079,3,13
1762,2109,91,10007,590,1,13
1763,5294,58,9128,305,1,16
1764,2718,65,17674,953,0,14
1766,5811,60,24539,833,1,16
1767,2437,38,15587,807,1,16
1768,2766,57,8952,855,3,22
1770,19038,60,19805,478,3,12
1771,3055,90,6194,775,2,15
1772,2289,94,20520,548,2,20
1774,4001,87,12313,1375,1,14
1775,12965,60,22308,661,3,20
1778,3539,97,5033,244,0,13
1779,6029,32,25353,511,0,12
1780,2679,31,4567,337,0,13
1782,3702,40,16376,1153,1,11
1783,2398,79,15999,1294,0,17
1784,5468,91,13402,196,2,14
1786,13116,53,22984,942,0,11
1787,4189,46,8800,589,2,14
1789,19328,46,14218,734,1,17
1790,8321,90,25949,1383,1,13
1792,2342,99,11092,429,3,12
1794,4071,89,12832,1239,0,13
1797,5813,84,13492,303,0,18
1798,3143,90,6076,867,1,19
1799,2044,82,5531,1181,1,11
1800,13464,65,7914,1253,0,21
1801,7991,98,25166,849,0,15
1802,3377,99,25605,616,1,17
1803,5538,95,5696,1128,2,18
1804,5762,90,24442,1180,1,14
1805,2592,100,7129,1336,3,13
1807,5346,93,6208,234,1,17
1809,4213,58,4992,370,0,15
1812,4127,83,19188,766,1,18
1813,2438,52,24978,343,0,13
1814,6870,85,15530,447,0,12
1815,10447,81,26458,796,1,13
1816,9667,64,2739,1092,0,14
1818,2148,69,6889,920,0,11
1821,8926,66,10842,261,1,22
1822,6513,52,9060,1194,1,17
1823,6799,92,22128,810,2,21
1824,16291,52,22577,350,1,22
1826,2705,91,9696,185,1,16
1827,10333,92,19271,1001,1,12
1829,4448,47,10748,750,1,12
1830,6854,68,15696,431,1,15
1833,9637,68,8277,1125,2,14
1834,3591,67,12719,1217,1,25
1835,5405,77,4244,723,2,20
1836,4684,46,9125,572,0,13
1837,15787,87,21624,1216,0,14
1839,1514,33,8018,1431,0,16
1842,2956,89,21495,359,0,17
1844,2335,56,3157,350,3,15
1845,5154,67,19665,589,2,22
1847,6962,73,19573,430,1,22
1849,5675,92,19246,1422,1,20
1850,2379,53,19826,1297,0,14
1852,3812,40,7003,574,0,13
1853,4648,79,26075,1318,0,13
1854,2936,38,6161,355,2,22
1856,2105,64,5411,207,0,12
1857,8578,82,19989,706,1,14
1858,2706,43,10494,280,1,15
1859,6384,93,21143,726,2,17
1860,3968,81,13624,1142,0,13
1862,9907,82,26186,414,0,12
1863,13225,45,7739,1319,1,12
1864,3540,36,7018,728,1,21
1865,2804,87,15434,352,0,11
1866,19392,81,22539,823,0,13
1867,19665,91,13583,1224,0,12
1868,2439,73,14753,459,0,24
1869,7314,64,14011,1254,3,21
1870,4774,77,23844,1131,1,19
1871,3902,41,5141,835,3,14
1873,2662,98,7975,836,1,20
1875,2856,78,3692,1172,1,19
1876,1081,89,16019,945,0,13
1878,2472,75,26092,391,0,23
1880,5673,63,6060,1266,1,13
1881,4197,89,18624,311,1,11
1882,9713,64,24444,1480,3,13
1883,2062,59,19384,592,0,14
1885,4284,78,13588,783,1,22
1886,4788,44,25388,219,0,11
1888,5906,93,23888,556,2,13
1890,3886,94,4223,1213,0,21
1892,16823,98,18991,1137,1,11
1893,2933,90,14908,482,1,13
1898,6500,89,26997,511,0,14
1900,17174,58,2437,117,1,11
1903,5033,78,9364,170,1,15
1905,2307,85,14460,967,1,23
1907,2587,97,10261,1162,0,16
1908,5507,33,16822,335,2,16
1909,4393,54,26841,337,1,21
1911,13348,83,14842,1396,1,13
1912,6583,86,20115,1079,1,11
1915,8103,75,16495,735,0,12
1916,3978,62,16031,471,1,12
1918,2544,61,7102,1096,1,18
1922,5399,44,14511,1297,0,12
1924,5487,43,10410,217,0,14
1927,6834,42,19255,783,1,12
1928,1091,45,10642,746,0,17
1929,5736,32,3987,1251,1,19
1931,2226,41,6073,1354,1,11
1932,5747,86,26496,735,0,15
1933,9854,84,23352,1475,0,11
1934,5467,64,2125,1169,1,18
1935,5380,89,20328,1443,1,16
1936,5151,87,12315,867,1,25
1937,2133,58,18115,1394,1,16
1938,17875,72,11761,605,1,13
1939,2432,47,15318,238,0,14
1940,4771,71,14293,1206,2,19
1941,19161,42,13738,1064,0,15
1943,5087,77,2900,419,2,12
1944,2863,58,19555,1337,0,12
1945,5561,71,15975,682,1,16
1947,2144,49,2122,1103,0,14
1948,3065,48,3995,976,1,13
1949,2810,66,9238,1351,0,22
1950,9888,32,6770,937,0,21
1951,8628,39,22914,1239,1,18
1952,2867,95,20006,157,0,13
1954,5373,89,6225,136,1,12
1955,6667,34,16542,1146,1,18
1956,5003,48,5771,1125,0,21
1960,2367,32,18779,1404,1,12
1961,2858,59,11473,1404,0,14
1962,5204,55,13586,1224,0,11
1965,4105,44,5099,954,0,14
1966,9679,56,10138,1373,0,24
1967,5617,63,21075,754,0,11
1968,10448,66,5843,1168,0,13
1969,2897,67,22474,155,2,11
1970,5968,36,18079,1303,3,20
1971,7510,30,16873,574,1,17
1972,2991,88,5224,1444,1,11
1973,19636,71,25811,189,1,18
1974,1129,59,17536,1276,3,11
1975,13341,77,25098,119,0,12
1976,4332,37,14811,335,0,12
1979,11031,40,26862,697,1,20
1980,4440,77,25198,157,0,19
1981,4617,45,14120,771,0,12
1982,2647,78,13672,571,0,13
1985,6323,73,26849,692,1,11
1986,5677,92,4258,444,1,14
1987,2187,82,19655,309,0,14
1989,3748,76,4077,911,0,13
1992,3977,57,7298,977,1,19
1993,8633,84,13084,1180,0,23
1994,2008,59,20439,1313,3,12
1995,4440,86,7636,1321,2,15
1996,3067,54,6393,1154,1,19
1997,5321,72,14284,508,1,11
1998,5410,35,11189,557,1,17
1999,2782,76,21412,642,1,22
2000,11957,98,17231,1162,2,18
2003,2660,43,20232,1490,1,11
2007,3375,63,17624,581,0,12
2008,5098,48,18698,1395,0,19
2009,4878,95,21653,501,1,13
2010,2837,49,15919,267,0,13
2012,2406,83,4060,543,2,19
2013,2269,68,18024,234,1,14
2014,4108,52,5340,116,0,13
2015,13206,99,3376,201,1,12
2016,10422,48,24032,801,2,19
2017,13744,42,15471,161,1,25
2018,4907,85,13684,1382,1,22
2019,3482,40,19788,585,2,15
2020,2436,42,13422,1037,0,12
2021,2380,58,25479,501,0,11
2022,19431,87,15302,105,0,13
2023,1790,33,26956,638,1,19
2024,7644,94,12695,557,2,19
2025,5131,97,9192,688,3,13
2026,6306,57,26236,667,1,21
2027,4787,36,26124,1092,3,14
2031,18880,56,17312,300,0,11
2032,2339,72,3666,310,1,11
2034,13570,60,5640,582,1,23
2035,6712,95,8978,704,2,21
2036,5406,88,10436,301,1,24
2037,8938,57,12227,930,1,11
2038,2439,78,11288,529,0,14
2040,8837,31,16642,1146,0,16
2041,5343,100,5982,345,1,11
2044,6728,94,14255,878,2,12
2045,6652,100,14369,1120,1,13
2046,4850,50,23333,374,0,15
2048,2809,52,2725,1322,0,14
2049,5689,80,24594,1199,2,14
2051,2001,98,12549,1194,3,14
2052,2977,62,8952,287,1,12
2053,4025,46,23679,1378,1,13
2054,3785,73,8489,468,0,14
2055,10854,39,16586,410,1,13
2056,12031,60,8828,722,1,11
2057,9936,74,3787,325,0,19
2060,2966,30,21378,1167,0,18
2061,2571,41,12290,884,1,17
2062,9991,42,21457,613,1,15
2064,6142,87,5174,155,1,20
2065,5390,63,13243,1023,0,14
2068,4404,82,10228,628,0,12
