EmployeeNumber,JobLevel,NumCompaniesWorked,YearsInCurrentRole,YearsSinceLastPromotion,YearsWithCurrManager,TotalWorkingYears,TrainingTimesLastYear,YearsAtCompany
1,2,8,4,0,5,8,0,6
2,2,1,7,1,7,10,3,10
4,1,6,0,0,0,7,3,0
5,1,1,7,3,0,8,3,8
7,1,9,2,2,2,6,3,2
8,1,0,7,3,6,8,2,7
10,1,4,0,0,0,12,3,1
11,1,1,0,0,0,1,2,1
12,3,0,7,1,8,10,2,9
13,2,6,7,7,7,17,3,7
14,1,0,4,0,3,6,5,5
15,2,0,5,0,8,10,3,9
16,1,1,2,4,3,5,1,5
18,1,0,2,1,2,3,2,2
19,1,5,2,0,3,6,4,4
20,3,1,9,8,8,10,1,10
21,1,0,2,0,5,7,5,6
22,1,1,0,0,0,1,2,1
23,4,2,8,3,7,31,3,25
24,1,5,2,1,2,6,3,3
26,2,0,2,1,3,5,5,4
27,1,7,3,0,3,10,4,5
28,3,0,6,2,11,13,4,12
30,1,1,0,0,0,0,6,0
31,1,2,2,1,3,8,2,4
32,5,4,13,4,8,26,3,14
33,1,1,2,6,7,10,5,10
35,2,0,7,4,2,10,2,9
36,3,3,6,5,17,24,4,22
38,5,3,2,2,1,22,2,2
39,1,4,1,0,0,7,3,1
40,2,2,2,1,3,9,5,4
41,1,1,0,1,8,10,5,10
42,2,3,0,0,0,19,6,1
45,1,2,0,2,0,6,2,2
46,1,1,3,1,4,6,3,5
47,1,1,2,0,2,3,2,3
49,1,1,2,2,2,2,3,2
51,1,9,1,0,0,6,3,1
52,2,2,3,1,3,10,3,5
53,1,1,0,0,0,1,3,1
54,1,1,0,0,0,1,6,1
55,1,1,0,0,1,1,2,1
56,3,1,8,1,7,9,0,9
57,2,1,8,3,7,12,2,12
58,5,1,15,15,8,23,0,22
60,2,0,5,8,7,10,2,9
61,1,4,0,0,0,8,1,1
62,2,4,6,0,8,14,4,9
63,1,1,0,0,1,1,2,1
64,3,9,0,0,0,23,2,1
65,1,1,2,2,2,2,3,2
68,2,5,3,1,3,9,2,4
70,3,2,0,2,3,10,3,4
72,2,7,2,0,0,5,2,2
73,3,1,14,8,12,15,1,15
74,3,1,8,1,8,9,3,9
75,1,3,2,2,2,4,3,2
76,2,3,7,1,7,10,3,7
77,2,1,5,0,7,7,2,7
78,2,1,8,7,8,9,3,9
79,2,1,3,9,9,10,2,10
80,5,5,3,13,8,29,2,27
81,3,7,16,7,9,28,3,21
83,3,1,14,12,8,17,2,17
84,4,2,0,0,2,21,2,5
85,2,1,5,0,3,6,3,6
86,3,2,0,0,0,25,2,1
88,1,4,2,1,2,5,2,3
90,1,0,0,0,0,2,0,1
91,2,7,3,1,3,20,2,4
94,1,0,4,0,4,6,3,5
95,1,1,1,1,0,1,4,1
96,2,1,4,0,9,10,3,10
97,1,3,0,0,0,5,3,1
98,2,1,7,1,8,11,2,11
100,2,0,13,2,8,16,2,15
101,3,4,0,0,0,17,3,0
102,3,4,2,0,2,16,3,5
103,2,8,2,0,2,16,2,4
104,2,1,8,3,0,10,1,10
105,1,1,4,0,4,6,3,6
106,3,3,0,1,0,24,4,1
107,2,7,11,1,9,17,3,13
110,2,1,2,1,3,5,2,5
112,3,4,4,0,2,37,3,6
113,1,3,0,0,0,3,3,0
116,1,3,2,0,3,10,4,4
117,2,1,10,10,8,11,3,11
118,3,1,8,4,7,9,3,9
119,4,1,3,11,11,22,3,22
120,2,0,7,1,0,11,2,10
121,2,1,8,2,7,11,4,11
124,3,2,9,9,5,21,5,10
125,2,1,8,5,7,12,0,11
126,3,9,3,0,3,16,5,4
128,2,0,2,0,2,4,2,3
129,2,1,4,0,4,5,3,5
131,4,0,10,1,8,38,1,37
132,2,4,2,1,2,17,3,3
133,1,4,2,0,2,7,3,3
134,1,1,0,0,0,1,2,1
137,1,1,0,1,0,1,5,1
138,2,1,13,2,10,16,3,16
139,2,5,0,0,0,17,2,1
140,5,9,2,2,2,30,3,3
141,5,3,3,0,7,28,1,8
142,2,1,4,0,3,6,1,6
143,1,1,2,2,1,2,2,2
144,1,1,0,0,0,1,5,0
145,3,3,12,12,8,23,1,13
147,2,1,7,0,6,9,3,9
148,4,2,3,4,4,23,3,5
150,1,0,3,1,2,6,2,5
151,2,6,0,0,0,12,3,1
152,3,2,3,1,3,12,3,5
153,3,2,10,5,8,14,6,11
154,3,0,7,2,8,10,6,9
155,1,5,0,0,0,7,2,1
158,4,1,12,4,12,25,3,25
159,1,1,7,0,9,10,2,10
160,2,0,7,0,7,8,2,7
161,1,9,4,4,3,7,2,5
162,5,7,18,15,15,23,5,20
163,2,4,7,7,7,12,3,7
164,1,1,4,4,3,5,3,5
165,3,1,10,15,6,40,3,40
167,1,1,0,0,0,0,2,0
169,1,0,1,2,1,3,2,2
170,2,1,11,5,11,16,2,15
171,1,4,2,1,2,18,2,3
174,3,4,2,2,1,16,3,2
175,2,3,2,2,2,4,2,2
176,3,3,7,0,7,12,2,9
177,1,1,7,5,7,8,3,8
178,2,6,2,0,1,7,0,3
179,3,2,2,0,3,18,2,4
182,2,4,11,5,9,17,1,15
183,2,2,2,2,2,6,3,2
184,2,0,9,4,7,12,2,11
190,1,7,4,0,4,10,2,5
192,1,5,5,0,3,9,2,6
193,2,3,2,2,2,19,2,3
194,1,1,4,0,4,5,4,5
195,2,0,7,0,7,9,2,8
197,1,5,2,2,2,8,3,3
198,1,0,3,1,2,6,3,5
199,4,4,6,7,7,21,2,7
200,1,2,0,1,4,7,2,5
201,1,1,0,0,0,1,3,1
202,2,1,7,2,13,20,2,20
204,3,1,8,0,6,10,3,10
205,2,2,7,4,5,13,3,7
206,2,8,9,0,15,20,2,17
207,3,1,8,3,7,9,2,9
208,2,1,7,0,9,10,1,10
211,2,2,0,0,0,10,2,1
214,1,4,0,0,0,9,3,1
215,3,7,11,2,11,15,2,12
216,1,6,3,1,2,6,3,4
217,1,1,2,2,2,2,6,2
218,1,6,2,2,2,6,1,2
221,1,1,2,0,2,5,2,5
223,3,3,3,1,4,12,2,5
224,1,1,1,0,1,1,2,1
226,5,3,4,4,4,21,5,5
227,1,4,8,1,8,13,2,9
228,3,2,9,7,4,12,2,10
230,2,4,3,0,7,12,2,8
231,1,3,4,1,4,8,2,5
233,1,0,2,1,1,6,3,5
235,1,0,0,0,0,1,5,0
238,1,4,7,7,2,13,3,8
239,2,1,9,6,10,12,4,12
240,2,4,4,0,3,9,3,5
241,1,4,2,2,2,19,3,2
242,1,0,1,0,2,4,2,3
243,1,1,0,1,0,1,3,1
244,3,1,13,15,7,24,2,24
245,1,1,2,2,1,2,3,2
246,1,8,2,0,2,7,0,4
247,1,2,2,1,2,9,3,3
248,1,1,3,0,2,4,5,4
249,1,2,2,0,2,5,2,3
250,2,1,2,1,3,5,3,4
252,1,1,7,1,6,8,5,8
253,5,1,8,9,9,21,2,20
254,5,8,15,2,15,36,3,24
256,2,1,9,1,9,10,2,10
258,4,3,7,1,0,21,6,7
259,5,0,18,11,9,34,5,33
260,1,1,7,0,3,7,2,7
261,2,3,0,0,1,8,1,1
262,1,4,4,2,2,7,3,5
264,4,9,8,11,8,22,1,20
267,1,1,7,1,7,8,3,8
269,2,5,2,1,2,10,5,6
270,2,2,3,0,2,11,5,5
271,2,9,0,0,0,14,3,1
273,2,3,7,1,7,9,3,7
274,2,5,2,2,0,6,1,2
275,2,1,7,1,7,7,0,7
277,1,1,3,2,0,5,4,5
281,2,8,2,3,7,15,2,7
282,2,7,0,0,0,17,2,1
283,3,1,4,1,9,10,3,10
284,1,1,2,2,2,4,2,4
286,1,1,1,1,7,8,2,8
287,2,9,2,0,2,5,5,3
288,3,7,2,0,3,17,3,4
291,3,1,8,9,8,14,2,14
292,3,1,8,5,8,12,2,11
293,2,1,7,0,7,7,2,7
296,3,5,9,4,7,16,5,10
297,1,5,2,0,4,8,5,5
298,3,3,0,0,0,16,3,1
299,2,5,3,0,1,9,5,6
300,1,0,2,1,5,7,1,6
302,3,6,7,12,8,23,2,19
303,2,2,2,0,5,16,4,6
304,2,8,11,3,7,16,3,13
305,1,6,2,1,1,7,3,3
306,3,1,8,0,7,10,1,10
307,3,0,10,5,13,17,6,16
308,2,0,4,1,4,6,2,5
309,1,3,0,0,0,7,6,1
311,1,4,8,5,8,13,2,9
312,3,1,10,4,1,11,5,11
314,3,1,7,0,8,10,3,10
315,1,1,3,0,1,4,3,4
316,1,7,2,2,2,6,3,2
319,5,1,17,11,15,22,3,22
321,1,8,2,2,2,7,2,2
323,5,3,0,0,6,32,3,7
325,1,5,4,0,4,8,2,5
327,4,5,13,1,9,22,3,17
328,1,7,7,1,7,13,3,9
329,5,1,7,15,12,33,2,33
330,1,2,3,1,2,6,5,4
331,1,0,2,1,2,4,2,3
332,1,7,2,1,2,7,1,3
333,2,0,2,2,2,4,2,3
334,2,2,0,0,0,17,2,1
335,2,1,8,4,7,9,3,9
336,5,0,0,1,7,25,2,24
337,3,9,2,2,2,9,3,2
338,1,1,2,0,2,2,2,2
339,2,6,9,5,9,13,3,11
340,1,2,1,0,2,17,2,3
341,2,4,2,0,2,9,1,3
342,3,6,0,0,0,17,5,1
343,3,0,6,11,8,20,1,19
346,1,1,5,1,5,6,1,6
347,2,3,2,0,2,10,1,3
349,2,2,2,0,2,10,2,3
350,2,0,2,1,2,5,3,4
351,1,0,6,7,8,10,4,9
352,5,0,7,3,9,22,5,21
353,1,1,0,0,0,1,0,1
355,1,0,4,1,4,6,2,5
359,1,1,1,0,3,5,3,5
361,2,3,7,7,5,13,0,8
362,2,4,2,0,4,9,5,6
363,4,3,7,7,7,28,2,7
364,1,2,0,0,0,5,5,0
366,2,2,0,0,0,10,2,0
367,2,0,0,7,8,10,2,9
369,2,1,3,1,5,6,2,6
372,4,0,7,4,10,21,2,20
373,1,0,13,10,11,16,4,15
374,5,0,10,4,13,37,2,36
376,3,1,7,9,9,10,2,10
377,1,1,2,0,4,5,3,5
378,2,4,4,0,1,7,5,5
379,1,1,2,1,0,3,4,3
380,3,2,2,0,2,15,2,5
381,3,7,7,6,2,10,6,7
382,2,1,0,7,7,8,3,8
384,2,1,5,1,4,6,6,6
385,5,3,4,1,6,28,4,10
386,4,3,3,1,3,21,5,5
387,2,1,16,11,6,20,3,20
388,2,1,7,0,9,10,3,10
389,2,3,7,0,8,12,4,10
390,2,1,3,3,3,5,3,5
391,1,1,12,5,7,17,3,17
392,1,3,0,0,0,19,0,1
393,2,9,2,1,2,10,2,2
394,1,2,2,0,2,5,2,3
395,1,1,3,0,2,5,3,5
396,5,9,2,1,2,22,4,3
397,2,4,0,7,7,10,2,8
399,1,1,2,2,2,2,5,2
401,2,1,7,7,4,8,0,8
403,1,1,2,1,2,4,3,4
404,4,5,4,4,8,23,2,20
405,1,1,0,0,0,0,2,0
406,3,0,9,6,9,12,3,11
407,1,4,0,0,0,4,2,1
408,2,5,1,1,2,13,3,4
410,4,1,10,0,4,22,2,22
411,1,1,0,0,0,0,2,0
412,2,0,3,0,7,9,2,8
416,2,4,7,7,7,10,3,8
417,3,0,10,3,7,19,5,18
419,2,7,8,0,8,11,3,9
420,2,1,8,4,8,13,3,13
421,3,3,8,0,1,19,2,10
422,2,2,3,1,2,12,2,5
423,1,0,2,0,3,6,4,5
424,2,3,2,1,0,9,1,2
425,3,1,9,9,11,24,2,24
426,1,0,2,2,2,3,2,2
428,3,6,6,8,8,12,2,10
429,4,1,9,11,10,21,3,21
430,1,0,7,1,7,9,5,8
431,4,7,1,0,7,25,2,7
433,2,2,2,7,7,11,3,8
434,1,1,3,1,2,4,2,4
436,2,1,12,11,9,13,2,13
437,2,1,4,0,4,5,3,5
438,2,4,7,1,7,13,3,7
439,2,7,7,0,7,10,0,7
440,1,5,2,2,2,5,4,3
441,2,1,8,1,9,11,2,10
442,3,1,9,8,9,10,2,10
444,5,1,9,13,3,21,2,21
445,2,4,0,0,0,12,3,1
446,2,3,7,0,1,9,6,7
447,5,4,2,1,1,21,2,3
448,2,1,7,0,0,9,3,9
449,2,0,4,1,4,6,0,5
450,2,3,3,0,3,20,4,4
451,3,8,0,0,0,10,1,1
452,2,9,9,9,8,12,3,10
453,2,2,3,0,2,6,2,4
454,1,1,7,0,7,7,4,7
455,1,0,2,2,2,4,2,3
456,2,1,9,1,2,10,2,10
458,2,1,7,0,7,8,3,8
460,2,7,2,0,4,8,2,6
461,3,0,10,2,9,12,3,11
462,3,1,9,4,10,11,2,11
463,2,1,7,1,7,7,2,7
464,3,0,6,0,13,17,5,16
465,1,1,2,0,2,4,2,4
466,2,6,4,1,2,8,3,5
467,2,3,0,0,0,5,3,0
468,4,2,0,0,0,16,2,1
469,2,1,3,0,2,4,3,4
470,1,0,2,1,0,4,5,3
471,1,1,0,0,7,8,4,8
473,3,3,0,0,0,15,3,0
474,2,4,7,6,7,13,2,7
475,2,7,2,2,2,4,2,2
476,2,1,7,7,7,8,3,8
477,2,3,0,0,0,14,6,1
478,1,1,2,1,2,3,3,3
479,2,4,0,0,0,7,6,1
481,3,4,9,1,12,16,2,13
482,2,2,2,1,2,15,2,3
483,1,3,7,1,7,10,3,7
484,1,1,2,2,2,3,3,3
485,1,1,0,0,0,1,2,1
486,1,6,4,0,3,17,3,5
487,2,2,0,0,0,7,2,1
488,2,1,7,7,7,8,5,8
491,3,6,3,1,3,20,2,4
492,2,2,4,1,0,8,6,6
493,1,0,2,2,2,3,5,2
494,1,1,0,0,0,1,0,1
495,1,9,2,1,2,6,4,3
496,2,9,1,0,0,10,5,1
497,1,1,2,0,4,5,2,5
498,2,1,5,0,7,7,1,7
499,3,8,2,0,0,26,2,5
500,2,4,7,0,7,18,2,7
501,1,4,2,2,2,6,3,2
502,2,8,2,0,4,9,3,5
505,4,2,4,1,2,30,2,5
507,2,1,2,0,3,5,2,5
508,1,1,0,0,0,1,3,1
510,1,0,4,0,4,7,2,6
511,1,1,1,1,2,2,1,2
513,3,1,9,9,0,10,2,10
514,1,9,0,0,0,3,4,1
515,1,1,7,12,17,18,2,18
516,2,7,4,1,3,8,5,5
517,1,3,2,1,2,8,5,5
518,2,2,0,0,1,18,2,1
520,4,1,10,3,9,25,3,25
521,2,6,0,0,0,20,3,1
522,5,4,2,1,2,24,4,4
523,2,9,2,1,2,6,3,3
524,2,1,10,3,12,13,5,13
525,1,7,2,1,2,8,1,3
526,2,4,2,0,2,8,3,5
527,2,1,4,1,3,5,3,5
529,2,3,11,10,7,15,2,13
530,1,1,2,3,2,4,3,4
531,5,1,8,1,6,21,3,21
532,4,9,7,7,7,36,0,7
533,2,0,4,4,4,6,6,5
534,3,1,7,0,7,10,2,10
536,2,1,0,1,8,10,2,10
538,1,5,2,0,2,6,5,2
543,3,2,4,0,4,28,4,5
544,1,3,2,0,2,8,3,2
546,4,2,2,1,4,31,2,5
547,2,2,4,0,2,19,3,5
548,2,2,4,0,2,11,2,5
549,5,5,8,11,10,33,5,29
550,2,2,7,0,8,19,5,10
551,2,0,5,0,4,7,4,6
554,1,1,3,1,4,6,4,5
555,1,0,2,1,0,3,3,2
556,1,1,0,0,0,1,3,1
558,5,0,15,1,12,21,2,20
560,1,1,2,0,2,3,3,3
562,1,4,3,1,4,9,3,5
564,3,1,2,0,7,10,2,10
565,1,5,2,1,1,6,2,2
566,1,1,0,0,0,1,3,1
567,3,0,8,7,8,10,3,9
568,4,3,0,0,0,32,3,1
569,4,0,10,15,7,28,2,27
571,1,0,7,6,7,12,2,11
573,3,4,13,13,11,22,5,18
574,2,5,0,0,4,20,2,5
575,4,6,2,0,1,26,2,3
577,1,0,4,4,3,6,2,5
578,2,7,0,0,0,19,3,1
579,1,3,3,5,7,14,3,7
580,3,2,2,1,2,15,3,3
581,3,1,8,0,8,13,6,13
582,3,7,6,7,7,15,2,7
584,1,7,3,1,3,8,2,4
585,1,0,2,1,2,4,3,3
586,3,4,7,0,0,10,2,8
587,3,3,0,0,0,12,2,1
590,3,9,2,0,2,11,2,3
591,1,4,2,2,0,8,4,2
592,3,1,3,9,7,10,3,10
593,1,5,2,1,2,4,3,2
595,2,2,7,6,7,14,2,9
597,4,3,9,7,7,37,2,10
599,2,7,3,1,10,16,3,14
600,2,9,9,6,9,15,2,11
601,4,7,6,5,13,22,3,20
602,1,1,3,0,7,8,3,8
604,2,4,5,0,5,10,2,6
605,3,1,9,5,8,10,5,10
606,2,0,7,3,7,9,3,8
608,1,0,7,1,0,8,2,7
611,2,4,2,1,2,8,2,3
612,4,4,1,0,5,10,2,6
613,3,9,4,0,1,10,3,5
614,1,1,0,0,0,0,3,0
615,3,3,0,0,1,20,2,1
616,2,2,7,0,7,10,3,8
618,2,5,0,0,0,8,5,0
620,2,1,4,0,3,5,3,5
621,2,1,7,5,7,10,3,10
622,1,1,0,0,0,1,3,1
623,3,4,5,1,2,12,3,6
624,3,5,2,1,2,28,3,2
625,4,7,16,11,8,22,2,18
626,3,1,5,7,7,9,6,9
630,2,3,9,6,9,18,3,10
631,2,8,2,1,2,6,2,4
632,1,0,2,2,1,3,3,2
634,2,3,0,0,0,18,4,1
635,2,6,5,4,3,8,2,6
638,5,1,9,0,9,31,5,31
639,1,1,5,1,4,6,3,6
641,2,1,3,1,4,6,5,5
643,1,1,0,0,0,1,2,1
644,5,1,5,10,7,32,2,32
645,1,1,4,0,6,7,1,7
647,1,1,3,1,2,6,4,6
648,1,1,0,0,0,1,2,1
649,1,1,5,1,3,6,3,6
650,2,2,1,1,2,9,2,3
652,2,4,2,0,2,9,3,3
653,2,4,7,5,7,13,4,7
655,1,0,3,0,3,6,5,5
656,2,4,0,1,0,17,3,3
657,1,1,0,0,0,1,0,1
659,2,1,2,2,2,10,4,10
661,4,4,0,0,0,21,3,1
662,1,3,0,0,0,8,3,0
663,2,3,7,4,7,10,3,8
664,4,7,2,0,2,21,3,3
665,2,4,2,0,2,10,1,2
666,1,1,2,0,6,8,3,8
667,1,0,3,0,2,5,3,4
669,1,1,2,1,2,3,2,3
671,5,4,2,0,1,26,2,2
675,1,0,2,2,2,3,3,2
677,2,0,0,1,2,6,3,5
679,2,1,4,0,5,6,2,6
680,1,1,0,0,0,1,2,1
682,2,7,7,8,10,18,2,14
683,1,1,9,8,8,10,4,10
684,2,2,1,0,0,5,4,1
686,1,1,2,0,2,3,2,3
689,3,1,7,7,8,10,2,10
690,2,1,0,1,2,6,5,6
691,2,1,11,11,8,17,3,17
692,2,3,11,4,7,15,2,13
698,3,2,7,7,1,16,1,9
699,2,2,2,0,2,13,2,3
700,1,0,2,1,1,5,0,4
701,1,1,0,1,1,1,5,1
702,1,1,8,9,7,10,3,10
704,1,1,0,0,0,1,3,1
705,1,2,2,0,2,5,3,3
707,2,0,2,1,2,4,4,3
709,2,0,7,0,5,8,2,7
710,1,1,7,2,8,10,5,10
712,2,3,2,2,2,12,3,2
714,2,1,5,0,4,6,3,6
715,1,3,0,0,0,4,2,1
716,1,1,8,3,8,20,3,20
717,3,1,7,7,7,9,3,8
720,2,9,2,2,0,4,3,2
721,2,1,7,11,10,20,4,20
722,2,1,7,0,8,10,2,10
723,2,3,3,1,3,18,4,4
724,2,0,7,1,8,10,4,9
725,3,1,7,0,7,9,3,9
727,3,3,7,7,7,10,6,7
728,2,2,7,1,7,20,2,7
729,3,5,13,1,12,20,2,18
730,4,3,1,1,3,32,3,5
731,5,3,6,12,6,23,2,21
732,2,8,2,2,2,10,1,2
733,3,1,7,1,7,9,4,9
734,5,1,7,2,10,22,3,22
738,1,7,2,2,2,4,2,2
741,1,7,7,3,7,10,4,7
742,3,9,7,0,5,10,2,8
743,3,4,0,0,0,10,4,1
744,1,2,2,1,4,9,5,5
746,4,9,2,11,13,28,2,22
747,2,7,7,7,7,10,2,8
749,1,1,0,0,0,1,6,1
752,1,6,2,2,2,7,2,2
754,2,3,2,2,2,7,5,2
757,2,3,1,4,3,10,2,5
758,1,1,3,0,2,5,2,4
760,2,9,3,3,6,12,3,8
762,4,7,7,1,1,30,1,10
763,1,0,2,2,3,5,2,4
764,2,8,6,0,7,9,2,7
766,1,1,2,2,2,2,2,2
769,2,2,2,2,2,19,4,2
771,2,2,0,0,0,16,2,1
772,2,1,8,4,7,10,2,10
773,1,6,0,0,1,6,0,1
775,2,3,0,0,0,7,3,0
776,4,1,6,1,16,34,3,34
780,1,1,9,7,8,10,2,10
781,2,1,5,1,4,6,5,6
783,2,0,7,3,1,9,3,8
784,1,1,2,0,2,2,3,2
785,2,4,4,1,3,8,2,5
786,2,1,5,1,4,6,5,6
787,5,5,2,1,4,24,2,5
789,3,1,7,0,9,10,1,10
791,1,0,3,1,2,5,3,4
792,1,3,2,2,0,5,2,2
793,2,4,7,1,1,11,3,8
796,2,6,3,1,2,6,2,4
797,1,2,2,1,3,10,2,4
799,2,9,3,1,4,9,4,5
800,2,0,2,1,1,5,3,4
802,1,0,3,4,3,6,3,5
803,2,6,7,4,12,17,2,15
804,1,1,5,1,3,6,3,6
805,1,1,2,0,2,3,1,3
806,1,3,2,0,2,7,2,2
807,2,1,7,3,7,8,2,8
808,2,5,2,1,2,6,1,3
809,5,1,7,14,9,24,4,24
811,1,1,0,0,0,1,2,0
812,1,1,0,0,0,1,4,1
813,2,8,2,1,4,9,3,5
815,4,5,3,0,3,30,3,4
816,1,1,0,0,0,1,1,1
817,3,0,9,3,7,14,3,13
819,2,5,2,0,2,6,3,3
820,4,1,14,3,0,26,3,26
823,2,0,7,0,5,10,2,9
824,1,1,7,0,7,10,3,10
825,5,7,15,13,8,40,2,31
826,1,3,2,2,2,7,0,2
827,2,9,3,0,2,8,4,4
828,1,6,2,2,1,5,3,2
829,1,4,2,0,4,8,2,5
830,2,1,13,6,8,14,3,14
832,2,6,0,0,0,10,6,1
833,2,5,0,0,0,12,4,0
834,1,1,0,0,0,1,3,1
836,2,1,8,7,8,10,3,9
837,2,2,3,1,2,13,3,4
838,1,1,2,1,3,6,3,5
840,3,1,8,7,7,9,3,9
842,2,4,7,7,3,12,3,9
843,4,6,1,1,0,22,3,4
844,3,1,8,0,8,9,3,9
845,3,3,5,1,6,17,3,8
846,2,1,7,7,5,8,2,8
847,1,0,2,0,2,4,1,3
848,1,1,7,1,7,8,2,8
850,1,1,0,0,0,0,6,0
851,4,2,6,4,17,29,2,20
852,2,9,2,2,3,10,2,5
854,1,7,3,0,1,6,3,4
855,2,1,8,0,8,9,5,9
856,1,1,5,1,1,6,3,6
857,2,1,14,4,11,18,1,18
859,2,2,2,0,3,8,3,5
861,1,9,4,0,3,10,3,5
862,3,7,2,0,4,35,3,5
864,3,4,4,0,2,18,2,5
865,2,5,3,1,3,9,3,5
867,4,3,8,0,0,31,3,9
868,2,4,0,0,0,9,2,1
869,1,1,1,0,4,6,6,5
872,2,6,2,2,2,4,2,2
874,1,2,2,0,2,10,2,3
875,1,5,1,2,2,8,2,2
878,1,0,4,0,3,6,3,5
879,2,1,3,0,3,5,3,5
880,3,1,14,5,15,17,2,17
881,1,1,2,7,8,10,3,10
882,1,0,0,0,2,4,2,3
885,2,1,2,0,3,5,1,5
887,1,2,2,0,2,7,2,4
888,1,0,2,3,4,6,2,5
889,2,1,8,5,3,10,3,10
893,1,0,2,1,2,3,3,2
894,2,2,3,1,3,17,1,5
895,1,3,4,0,2,8,2,6
896,1,6,2,0,2,5,3,3
897,4,5,0,2,2,28,3,2
899,3,3,10,4,8,16,2,13
900,1,5,4,0,0,10,3,5
901,4,6,9,3,8,33,0,12
902,2,4,2,2,2,12,2,5
903,2,0,6,7,7,8,2,7
904,3,1,0,0,9,10,2,10
905,4,1,6,14,7,31,3,31
909,2,8,4,0,4,13,2,5
910,1,3,3,0,3,7,4,4
911,1,1,0,0,1,1,2,1
912,1,6,3,0,3,8,5,4
913,1,1,7,7,1,8,0,8
916,2,1,2,0,2,4,3,4
918,1,9,0,0,0,3,3,1
920,2,4,0,0,0,4,2,1
922,1,1,2,0,2,2,3,2
923,1,1,0,0,0,1,3,1
924,2,0,8,4,11,17,2,16
925,1,1,2,1,2,3,3,3
926,2,0,2,0,2,4,3,3
927,1,4,7,1,0,10,1,7
930,1,5,2,2,2,6,2,2
932,1,7,2,2,2,8,2,2
933,1,1,1,0,0,1,2,1
934,1,1,0,1,0,1,3,1
936,2,7,4,0,3,10,6,5
939,1,3,2,0,2,6,1,3
940,3,2,0,0,4,24,3,6
941,1,3,7,5,2,13,2,7
942,2,1,6,0,7,10,2,10
944,3,4,9,1,7,29,3,26
945,1,4,0,0,0,13,2,0
947,2,1,8,0,0,9,2,9
949,1,2,2,0,1,8,6,6
950,3,1,12,5,11,15,3,15
951,1,6,0,0,2,5,3,3
952,1,1,0,0,0,1,2,1
954,3,2,0,0,0,11,2,1
956,2,1,7,0,7,7,2,7
957,1,2,13,2,17,20,3,18
958,1,4,8,3,9,16,6,11
959,1,1,0,0,0,1,3,1
960,1,1,0,0,0,1,2,1
961,2,0,7,8,5,10,2,9
964,1,8,1,0,0,3,2,1
966,2,1,7,6,3,8,2,8
967,3,1,7,3,7,16,6,16
969,2,0,0,1,4,6,3,5
970,3,5,1,11,7,17,2,14
972,2,1,7,0,8,9,5,9
974,1,1,1,0,2,3,5,3
975,2,1,2,1,0,5,3,5
976,4,2,8,7,8,26,2,9
977,1,4,0,0,0,7,4,1
981,4,6,13,15,2,22,3,17
982,3,5,4,7,7,10,2,8
983,2,1,3,1,3,6,1,5
984,3,6,9,0,8,12,2,10
985,3,0,7,0,7,9,3,8
986,4,4,0,0,0,22,2,1
987,2,1,10,2,7,20,3,19
990,2,4,7,0,7,12,3,7
991,1,0,2,1,2,4,0,3
992,4,1,8,6,0,10,2,10
994,1,6,0,0,0,3,5,0
995,1,3,2,0,2,5,4,3
996,1,3,3,0,2,8,2,5
997,4,9,4,1,3,32,1,5
998,2,1,5,1,2,6,2,6
999,5,2,16,0,11,21,2,18
1001,1,9,2,2,2,4,2,2
1002,2,1,8,0,8,9,2,9
1003,2,1,0,0,7,9,0,9
1004,1,4,2,0,1,7,2,5
1005,4,3,11,1,5,22,2,12
1006,1,0,1,0,2,3,0,2
1007,3,6,7,0,7,13,3,8
1009,2,1,2,3,2,5,6,4
1010,1,1,2,0,2,5,2,4
1011,2,1,3,0,3,4,1,4
1012,1,1,0,0,0,0,2,0
1013,3,8,7,0,8,22,2,10
1014,3,1,10,10,1,16,3,16
1015,3,0,7,1,7,9,4,8
1016,1,1,0,0,0,1,2,1
1017,1,0,2,1,2,4,3,3
1018,2,1,7,1,3,8,2,8
1019,1,1,3,1,1,4,3,4
1022,2,2,2,2,2,19,0,2
1024,3,7,11,4,8,27,3,15
1025,2,6,2,2,1,8,6,2
1026,4,1,6,11,8,21,3,21
1027,2,0,2,2,2,4,2,3
1028,1,1,2,1,2,3,4,3
1029,5,6,0,0,0,21,3,1
1030,1,4,0,0,0,8,5,1
1032,4,3,3,4,3,30,4,5
1033,2,5,0,0,0,15,2,1
1034,2,3,7,6,7,17,3,8
1035,5,1,16,5,10,21,3,21
1036,2,8,0,0,0,19,1,1
1037,2,8,2,2,2,7,6,2
1038,5,1,14,6,9,33,3,32
1039,4,3,11,11,11,23,2,12
1040,2,0,7,0,13,19,3,18
1042,1,1,13,15,14,18,1,17
1043,3,1,6,2,8,21,2,21
1044,1,0,2,2,2,3,2,2
1045,4,3,3,1,1,26,4,9
1046,1,9,7,7,7,10,2,8
1047,2,0,1,0,9,16,2,15
1048,3,3,4,0,4,14,1,6
1049,1,1,3,0,4,6,3,6
1050,3,2,7,6,12,30,2,15
1052,2,7,0,0,0,9,3,1
1053,1,6,2,1,2,6,2,3
1055,1,1,1,0,0,1,2,1
1056,1,1,0,0,0,1,5,1
1060,1,3,2,2,2,8,2,2
1061,5,2,1,7,7,29,2,8
1062,2,3,3,0,1,8,3,4
1066,2,1,7,7,5,8,3,7
1068,1,1,3,1,3,5,5,5
1069,5,9,2,2,2,23,0,2
1070,3,6,4,7,0,13,4,9
1071,1,2,4,0,3,18,4,5
1073,3,0,8,7,8,15,2,14
1074,4,7,7,6,2,31,3,9
1076,3,5,0,0,0,18,5,1
1077,1,1,2,0,2,2,3,2
1079,1,1,0,1,0,1,6,1
1080,2,8,13,1,7,19,2,16
1081,1,9,0,2,7,18,2,10
1082,3,1,7,1,9,10,2,10
1083,1,1,3,1,3,6,2,5
1084,2,0,2,0,2,7,1,6
1085,1,1,6,0,8,10,3,10
1088,3,0,9,1,9,20,4,19
1092,3,4,10,11,1,14,6,11
1094,1,1,2,1,2,3,4,3
1096,3,3,2,1,2,23,4,3
1097,2,3,7,1,7,10,4,8
1098,3,9,6,3,6,24,1,20
1099,3,4,2,1,2,9,2,3
1100,3,0,7,4,7,9,2,8
1101,2,1,7,3,8,14,4,13
1102,1,1,2,2,2,4,5,4
1103,2,0,2,0,4,7,1,6
1105,2,2,0,0,0,8,5,1
1106,1,1,7,5,6,7,3,7
1107,1,1,1,0,0,1,0,1
1108,1,4,2,2,2,5,0,2
1109,4,0,6,13,7,23,3,22
1111,1,1,0,0,0,1,2,1
1113,2,3,0,0,0,5,4,0
1114,2,0,2,0,2,4,3,3
1115,1,3,0,0,0,6,2,0
1116,4,2,4,2,1,27,3,5
1117,2,1,10,4,12,15,2,15
1118,3,7,6,4,0,18,4,8
1119,3,0,7,2,7,9,2,8
1120,1,4,5,1,7,11,1,7
1121,3,0,7,1,7,10,3,9
1124,4,3,9,4,9,23,3,12
1125,3,7,0,0,0,10,2,1
1126,3,8,7,0,1,18,1,8
1127,4,7,7,11,5,21,4,18
1128,5,1,7,4,9,21,2,20
1131,1,1,2,2,2,2,6,2
1132,2,9,4,0,3,9,2,5
1133,2,2,9,0,9,18,0,11
1135,1,0,2,2,2,3,4,2
1136,1,0,3,0,4,6,2,5
1137,2,1,2,0,2,5,3,5
1138,4,6,8,2,3,22,3,9
1140,2,2,2,0,2,5,3,3
1143,1,0,5,1,1,8,2,7
1148,2,4,0,0,0,16,3,1
1150,2,1,7,1,2,10,2,10
1152,1,1,6,5,0,7,2,7
1154,1,1,1,0,2,3,2,3
1156,1,1,0,0,0,0,0,0
1157,2,0,2,0,3,6,3,5
1158,1,3,0,0,0,6,4,1
1160,1,1,2,2,2,2,5,2
1161,2,7,2,1,3,9,2,6
1162,1,1,2,2,2,4,0,4
1163,2,1,5,1,3,6,3,6
1164,1,1,4,1,4,6,2,5
1165,3,1,8,3,10,11,3,11
1166,3,9,7,2,13,20,3,18
1167,4,0,9,13,14,22,2,21
1171,2,7,4,1,5,9,3,6
1172,1,6,0,1,7,10,2,8
1173,1,8,3,1,2,6,2,4
1175,1,1,1,0,0,1,4,1
1177,1,1,7,0,7,8,2,8
1179,2,1,3,1,4,10,3,10
1180,2,3,1,0,0,16,3,1
1182,3,2,7,6,4,15,2,7
1184,2,0,9,4,9,14,3,13
1185,1,1,2,2,2,2,2,2
1188,2,8,3,1,3,7,2,4
1190,1,1,0,0,0,1,3,1
1191,5,4,2,4,2,28,2,5
1192,1,1,8,0,8,10,5,10
1193,1,1,1,0,0,1,4,1
1195,1,4,2,0,2,7,2,3
1196,2,1,8,3,11,14,2,14
1198,1,1,2,1,2,2,2,2
1200,1,1,4,0,2,6,4,6
1201,5,3,7,4,7,26,6,7
1202,1,0,4,1,3,6,2,5
1203,1,0,0,0,0,1,5,0
1204,4,8,15,15,9,28,2,26
1206,1,2,0,0,0,6,3,0
1207,1,1,4,1,4,5,2,5
1210,1,6,0,0,0,5,2,1
1211,2,8,3,0,3,8,3,4
1212,2,5,0,0,0,5,2,0
1215,4,2,2,2,2,32,3,2
1216,1,1,5,3,3,6,2,6
1217,5,5,2,0,3,25,2,4
1218,2,3,7,1,7,15,2,7
1219,1,1,0,0,0,1,3,1
1220,2,1,7,0,1,10,3,10
1221,1,1,7,1,7,7,4,7
1224,2,1,7,8,9,10,4,10
1225,2,1,11,13,17,20,3,20
1226,1,1,1,2,2,2,2,2
1228,2,2,3,1,4,12,3,6
1231,2,7,3,0,3,10,3,4
1233,2,0,7,1,9,12,3,11
1234,1,1,2,2,2,2,2,2
1235,2,4,7,0,7,10,2,8
1237,3,2,7,7,7,17,2,7
1238,1,0,10,4,10,15,5,14
1239,2,7,1,1,3,7,2,5
1240,2,0,3,1,1,5,4,4
1241,1,0,9,5,7,12,2,11
1242,3,3,0,0,0,20,6,1
1243,3,4,2,4,12,16,6,13
1244,1,1,7,6,8,9,3,9
1245,3,7,4,1,4,33,2,5
1246,1,1,5,7,7,10,5,10
1248,1,1,1,0,0,1,2,1
1249,1,1,2,1,2,3,5,3
1250,4,3,9,0,9,36,2,10
1251,2,1,5,0,1,6,2,6
1252,2,1,9,1,8,10,2,10
1254,2,5,1,0,5,13,2,6
1255,5,3,7,0,7,25,2,8
1256,5,2,0,0,0,23,2,1
1257,1,1,10,0,7,12,2,11
1258,1,5,0,0,0,7,4,1
1259,1,1,3,0,3,5,2,5
1260,2,1,0,1,0,6,2,6
1263,5,6,0,0,0,25,3,1
1264,4,3,7,1,7,9,2,7
1265,1,0,0,0,0,2,5,1
1267,5,7,9,3,10,26,5,22
1268,3,0,8,0,8,10,3,9
1269,1,1,0,0,1,1,2,1
1270,1,1,0,0,1,1,2,1
1273,1,1,0,1,0,1,4,1
1275,1,1,5,2,2,8,2,8
1277,5,2,10,1,11,26,2,24
1278,4,1,9,15,0,34,3,33
1279,1,1,2,2,2,2,2,2
1280,5,2,4,0,8,26,2,11
1281,2,0,2,0,2,4,3,3
1282,5,4,10,11,10,31,5,29
1283,3,6,7,5,4,25,6,9
1285,2,4,8,5,10,15,2,11
1286,1,0,2,0,2,5,2,4
1288,5,1,9,14,13,26,4,25
1289,2,4,9,1,8,14,5,10
1291,1,0,2,2,2,4,3,3
1292,2,6,0,0,0,18,2,1
1293,3,3,7,15,17,23,3,21
1294,2,9,14,5,12,18,2,16
1295,3,1,7,0,5,10,2,10
1296,1,1,2,2,2,2,2,2
1297,1,0,0,7,7,8,6,7
1298,2,7,4,1,7,10,3,8
1299,1,3,7,7,7,10,2,7
1301,1,2,2,1,2,5,2,3
1303,1,1,2,2,1,2,3,2
1304,2,1,7,0,8,10,4,10
1306,5,3,0,0,0,22,4,0
1307,4,6,9,15,2,21,4,19
1308,1,1,2,2,2,2,3,2
1309,2,1,4,1,1,10,3,10
1310,1,0,2,0,3,6,2,5
1311,2,0,2,6,7,10,6,9
1312,3,3,7,1,7,10,0,7
1314,1,6,6,5,7,10,3,7
1315,2,0,8,7,5,10,6,9
1317,4,4,2,1,2,25,2,3
1318,3,2,4,1,0,9,2,5
1319,3,9,7,7,7,10,2,8
1321,3,1,1,0,8,9,2,9
1322,2,0,7,1,7,9,6,8
1324,3,1,8,9,6,10,5,10
1329,2,1,2,11,9,19,4,19
1331,1,1,2,2,2,3,2,3
1333,1,4,2,1,2,10,4,3
1334,4,0,8,2,10,21,3,20
1336,5,4,9,9,11,23,5,19
1338,5,6,3,7,7,36,4,7
1340,1,9,2,0,0,6,0,4
1344,3,0,7,1,6,10,0,9
1346,2,1,8,8,8,9,4,9
1349,2,0,3,1,7,10,2,9
1350,2,1,6,1,1,9,3,9
1352,4,1,9,0,10,33,2,33
1355,2,3,7,1,7,11,3,7
1356,2,1,8,9,6,10,6,10
1358,1,3,2,1,2,7,6,3
1360,3,7,9,5,9,31,0,10
1361,1,3,2,0,3,7,3,4
1362,2,2,7,6,13,17,2,15
1363,3,1,9,0,8,11,2,10
1364,1,8,0,0,0,5,4,1
1367,4,3,2,0,3,29,1,5
1368,1,1,0,0,0,0,5,0
1369,2,0,7,0,0,10,0,9
1371,2,3,2,0,0,8,3,6
1372,4,6,7,3,8,24,2,19
1373,4,4,16,15,9,33,0,19
1374,1,1,4,0,0,5,2,5
1375,2,5,11,11,8,15,0,12
1377,2,4,7,7,7,10,1,8
1379,1,7,0,0,0,3,3,1
1380,2,0,2,3,2,5,0,4
1382,1,1,2,0,3,4,2,4
1383,2,1,11,4,11,14,2,14
1387,2,1,3,0,4,5,0,5
1389,2,1,2,6,7,10,3,10
1390,2,3,4,1,4,8,2,5
1391,3,2,2,3,2,14,5,4
1392,2,3,2,3,3,12,4,6
1394,1,7,4,1,3,8,2,6
1395,2,6,4,1,2,8,2,5
1396,2,0,2,1,2,4,3,3
1397,3,3,4,0,5,13,2,6
1399,2,2,2,1,2,6,3,3
1401,4,2,3,0,2,24,3,5
1402,2,1,7,1,8,20,3,20
1403,2,1,2,4,4,6,3,6
1405,1,1,2,7,7,8,2,8
1407,1,0,3,1,1,5,2,4
1408,4,0,7,0,9,21,5,20
1409,1,9,4,0,4,12,2,5
1411,1,4,2,0,2,8,6,3
1412,3,2,2,2,2,10,2,2
1415,1,4,2,0,2,7,2,3
1417,1,0,7,0,7,8,2,7
1419,3,1,9,0,9,10,3,10
1420,2,3,3,1,3,20,2,4
1421,3,0,7,7,7,9,1,8
1422,4,6,7,12,7,29,3,20
1423,5,3,8,1,5,32,3,9
1424,4,2,7,0,0,31,4,7
1425,2,3,4,0,1,15,3,5
1427,1,1,0,0,0,1,3,1
1428,2,7,2,0,2,8,3,3
1430,4,3,2,1,0,9,3,3
1431,1,5,3,1,3,10,2,4
1433,1,1,0,0,0,1,3,1
1434,1,0,0,1,4,6,3,5
1435,2,1,4,1,8,10,2,10
1436,2,4,2,0,2,11,3,3
1438,1,7,5,1,2,17,2,6
1439,1,3,2,2,2,6,2,3
1440,1,0,5,1,3,7,2,6
1441,1,2,2,1,0,5,3,3
1443,4,3,17,5,6,26,2,20
1445,2,1,4,0,3,5,3,5
1446,2,4,3,0,3,7,3,4
1447,1,5,4,0,2,7,2,5
1448,1,2,2,0,3,7,5,4
1449,2,3,7,0,7,11,2,8
1453,3,1,7,9,9,13,5,13
1457,3,4,7,4,3,28,1,7
1458,1,2,0,0,0,11,2,1
1459,3,1,8,4,7,10,2,10
1460,3,2,7,0,7,24,2,7
1461,1,9,2,0,2,8,3,3
1464,1,6,2,2,2,7,2,2
1465,3,4,1,1,2,10,4,3
1466,2,4,2,2,2,15,3,2
1467,1,1,2,2,2,2,0,2
1468,3,2,8,4,8,16,5,9
1469,2,0,4,1,3,6,4,5
1471,1,3,2,0,3,7,5,5
1472,4,4,8,8,8,35,2,9
1473,2,2,2,1,2,20,0,3
1474,1,2,1,1,2,8,3,3
1475,1,1,2,1,3,6,3,5
1477,2,0,3,0,3,5,2,4
1478,2,3,9,3,12,15,2,13
1479,2,8,1,2,2,4,2,2
1480,1,1,9,5,8,12,3,12
1481,2,7,0,0,0,11,4,1
1482,1,1,0,0,0,1,2,1
1483,2,0,9,2,8,13,2,12
1484,3,3,7,0,7,29,3,8
1485,4,7,8,6,9,16,3,14
1486,1,3,2,1,2,5,3,3
1487,2,5,3,0,0,7,4,5
1489,2,0,9,10,10,16,2,15
1492,1,1,0,0,0,1,3,1
1494,1,2,0,0,0,4,2,0
1495,1,1,0,0,0,1,2,1
1496,3,5,2,2,2,16,2,2
1497,2,1,7,0,4,10,3,10
1499,1,0,3,1,3,6,3,5
1501,2,0,2,1,2,4,2,3
1502,1,8,4,0,2,8,5,5
1503,2,3,4,1,2,11,4,5
1504,1,7,0,0,0,8,2,0
1506,1,1,0,0,0,1,2,1
1507,2,0,2,1,3,5,5,4
1509,2,4,2,1,2,10,3,3
1513,1,0,2,0,2,4,3,3
1514,2,1,6,1,7,8,2,8
1515,2,2,0,0,0,14,6,0
1516,3,2,2,0,0,10,5,5
1520,4,3,9,1,12,26,2,14
1522,1,6,7,0,7,11,2,9
1523,4,3,6,14,17,24,1,20
1525,3,4,0,2,2,9,3,2
1527,4,8,12,5,1,23,2,13
1529,3,1,8,3,3,11,3,11
1533,2,0,3,1,2,5,2,4
1534,1,3,4,1,0,15,3,5
1535,3,1,9,8,6,10,3,10
1537,1,1,2,7,7,7,2,7
1539,4,1,6,13,9,32,2,32
1541,1,0,10,5,7,12,4,11
1542,1,4,0,0,0,4,3,1
1543,2,1,8,3,7,10,2,10
1544,2,3,7,0,7,9,3,7
1545,2,1,3,0,2,5,2,5
1546,1,4,4,0,3,8,3,5
1547,3,2,8,13,9,24,3,20
1548,2,0,4,7,1,9,5,8
1549,2,1,14,5,7,15,3,15
1550,4,1,7,7,7,21,2,21
1551,1,0,1,0,0,2,3,1
1552,2,3,2,2,2,8,2,2
1553,3,1,8,7,7,10,4,10
1554,1,0,3,4,2,6,5,5
1555,2,3,1,2,5,12,2,7
1556,1,3,2,1,2,7,3,3
1557,2,8,7,7,7,18,2,8
1558,1,6,0,0,0,5,2,1
1560,2,2,2,2,2,8,6,2
1562,2,1,8,6,7,10,4,10
1563,2,3,3,1,2,10,2,6
1564,1,1,0,1,2,3,3,3
1568,3,3,2,1,3,9,3,4
1569,1,1,0,0,0,1,2,1
1572,3,0,7,1,9,34,4,33
1573,2,4,2,1,4,7,2,5
1574,2,4,5,1,2,9,3,6
1576,1,8,2,7,6,10,3,8
1577,1,1,0,0,0,1,4,1
1578,5,1,6,2,13,36,3,36
1580,2,9,2,2,1,9,3,2
1581,1,1,0,0,0,1,5,1
1582,2,0,8,7,7,10,3,9
1583,2,2,2,1,2,8,5,3
1585,2,6,0,0,0,15,5,1
1586,1,1,9,1,5,10,3,10
1587,2,3,2,0,4,10,4,5
1588,3,2,6,7,6,11,3,7
1590,2,1,4,1,3,6,0,6
1591,5,4,0,0,0,27,2,1
1592,1,2,2,2,2,4,2,2
1594,2,3,2,0,2,9,3,3
1595,5,8,0,0,1,24,2,1
1596,2,1,9,6,8,10,3,10
1597,2,1,2,7,7,8,3,8
1598,2,1,4,1,2,5,2,5
1599,1,5,4,0,2,8,0,6
1601,1,1,0,0,1,1,5,1
1602,4,1,0,0,12,27,5,26
1604,1,1,1,0,0,1,3,1
1605,1,1,2,1,3,4,2,4
1606,4,2,8,12,13,32,3,30
1607,1,3,2,0,2,6,3,3
1608,5,0,7,1,10,23,4,22
1609,1,1,4,1,1,6,3,6
1611,2,1,7,1,4,10,3,10
1612,2,1,7,4,5,10,2,10
1613,2,7,2,0,3,10,3,5
1614,2,9,2,1,1,7,2,3
1615,2,1,7,7,2,9,3,9
1617,1,1,6,1,4,10,3,9
1618,2,2,7,7,7,10,3,7
1619,1,1,7,0,7,7,3,7
1621,2,1,15,1,10,16,2,16
1622,2,0,3,0,0,6,5,5
1623,1,1,2,2,2,3,2,2
1624,1,1,0,0,0,0,2,0
1625,5,3,2,1,0,27,2,5
1627,2,0,8,0,7,11,3,10
1628,3,1,15,14,12,18,2,18
1630,2,1,11,2,9,15,5,14
1631,2,3,3,0,2,9,2,4
1633,2,0,2,3,8,10,2,9
1635,2,1,7,3,9,10,3,10
1638,3,3,4,0,2,10,6,5
1639,3,9,12,6,0,15,3,13
1640,1,1,4,7,7,8,2,8
1641,3,6,2,3,3,18,2,4
1642,2,4,7,0,2,14,3,10
1644,4,2,2,2,2,23,3,2
1645,2,6,2,2,2,7,2,2
1646,1,1,3,1,3,6,2,6
1647,1,7,2,0,2,5,0,3
1648,1,2,2,1,2,6,0,4
1649,1,3,2,0,3,10,3,4
1650,2,9,2,1,4,8,2,5
1651,3,4,2,0,2,9,6,3
1653,2,1,7,0,7,7,6,7
1654,2,4,4,1,0,7,3,5
1655,4,3,2,1,2,27,2,4
1656,3,5,11,1,11,19,3,14
1657,1,1,2,2,2,2,3,2
1658,2,1,8,7,9,11,2,11
1659,1,2,3,1,3,15,4,4
1661,4,2,11,2,12,30,3,15
1662,2,0,2,1,2,4,6,3
1664,2,6,4,0,4,13,3,5
1665,4,3,8,4,7,36,6,10
1666,4,1,10,6,11,14,3,14
1667,2,3,9,6,7,13,2,11
1668,2,7,11,2,9,19,4,13
1669,2,1,0,0,9,10,3,10
1670,2,1,2,0,4,6,5,6
1671,2,0,5,1,6,10,4,9
1673,2,1,0,0,2,10,2,10
1674,1,4,2,2,2,17,2,2
1675,1,1,3,3,3,4,3,4
1676,4,6,2,1,2,29,2,3
1677,4,4,7,0,0,23,2,8
1678,3,3,0,0,2,21,2,2
1680,1,1,2,0,2,2,3,2
1681,2,1,5,1,2,7,2,6
1682,2,6,2,0,2,10,2,3
1683,1,4,2,2,2,8,2,2
1684,1,1,4,1,2,5,2,5
1687,1,7,0,0,0,7,5,0
1689,3,3,3,1,2,11,2,4
1691,1,2,7,7,7,19,3,9
1692,1,1,0,0,0,1,2,1
1693,1,1,7,5,7,7,5,7
1694,1,5,2,1,2,8,1,4
1696,2,1,10,4,13,15,3,15
1697,3,3,0,0,0,19,2,1
1698,1,1,11,2,13,14,6,14
1700,2,1,3,1,3,6,2,6
1701,1,1,9,8,7,10,3,10
1702,1,1,2,0,2,3,2,3
1703,3,1,7,6,7,9,2,8
1704,1,0,4,1,4,6,2,5
1706,2,1,9,8,8,10,3,10
1707,1,1,3,0,4,5,1,5
1708,3,1,8,8,7,10,3,10
1709,1,9,3,1,2,9,2,5
1710,2,3,7,6,7,17,2,13
1712,3,3,15,14,4,25,3,23
1714,1,1,0,0,0,1,2,1
1716,4,7,5,14,10,25,3,23
1718,1,1,2,0,2,3,3,3
1719,4,1,6,8,6,21,2,21
1720,1,6,2,1,3,10,3,5
1721,1,1,2,0,3,6,2,5
1722,2,6,2,1,2,10,4,3
1724,2,2,0,0,0,18,3,1
1725,1,1,2,1,2,6,2,6
1727,2,6,7,0,9,19,3,10
1728,2,2,7,0,7,17,3,7
1729,1,1,0,0,8,10,2,10
1731,2,7,0,0,0,4,3,1
1732,3,4,6,0,3,13,5,10
1733,2,5,2,2,2,16,3,2
1734,2,6,0,0,0,10,2,0
1735,1,1,2,1,2,3,3,3
1736,2,2,4,1,4,9,3,5
1737,2,1,8,5,8,9,2,9
1739,3,3,3,0,2,10,2,4
1740,5,1,8,12,8,21,3,21
1744,3,4,0,0,3,9,2,5
1745,1,0,7,0,7,10,2,9
1746,1,0,2,2,1,3,2,2
1747,1,6,2,1,2,6,0,4
1749,2,1,2,0,2,6,3,5
1751,1,1,2,1,4,6,5,6
1752,1,1,2,2,2,2,3,2
1753,2,8,2,0,2,10,5,3
1754,3,2,7,1,7,12,2,7
1755,1,0,0,1,2,6,3,5
1756,2,8,7,1,7,13,2,11
1757,2,3,1,0,4,8,1,5
1758,3,2,0,0,0,11,2,0
1760,1,4,1,0,5,9,4,6
1761,3,2,0,0,0,10,2,1
1762,1,1,0,0,0,1,2,1
1763,2,3,0,1,7,10,3,7
1764,1,2,7,0,7,12,3,7
1766,2,3,0,1,0,15,2,1
1767,1,9,0,0,0,6,4,1
1768,1,8,3,0,4,7,6,5
1770,5,8,0,0,0,34,2,1
1771,2,5,8,1,7,11,2,9
1772,1,1,3,0,4,5,2,5
1774,2,1,14,0,7,15,3,15
1775,4,4,2,0,2,27,2,3
1778,1,0,7,1,8,10,5,9
1779,2,5,2,2,2,6,3,2
1780,1,1,0,1,0,1,3,1
1782,1,1,4,0,4,5,3,5
1783,1,1,0,0,0,1,6,1
1784,2,1,7,5,7,13,3,12
1786,3,2,2,2,2,15,2,2
1787,2,1,2,0,3,5,2,5
1789,5,7,1,2,2,24,3,2
1790,3,7,8,5,7,15,1,12
1792,1,1,3,2,3,6,2,5
1794,2,2,0,4,7,19,4,10
1797,2,1,7,7,7,10,2,10
1798,1,6,8,7,6,14,1,10
1799,1,1,3,0,3,5,6,5
1800,3,7,3,2,2,9,3,4
1801,2,8,2,2,2,6,3,2
1802,1,4,3,0,2,7,5,4
1803,2,5,0,0,0,10,2,0
1804,2,2,7,1,7,15,6,7
1805,1,5,10,3,8,13,3,11
1807,2,4,1,0,7,11,3,7
1809,2,1,3,0,8,10,4,10
1812,2,2,1,2,2,7,6,2
1813,1,4,2,1,2,7,2,3
1814,2,3,2,1,2,11,3,3
1815,3,0,14,13,5,23,3,22
1816,3,9,7,0,2,9,3,7
1818,1,0,1,1,4,6,3,5
1821,2,4,7,3,7,13,2,9
1822,2,4,3,0,3,12,3,5
1823,2,1,8,4,8,10,5,10
1824,4,4,9,14,14,37,0,16
1826,1,0,4,0,3,6,2,5
1827,3,8,11,14,10,28,4,22
1829,2,2,4,7,7,15,3,7
1830,2,4,1,1,7,14,2,7
1833,3,2,2,2,2,9,3,3
1834,1,1,2,1,2,3,3,3
1835,2,2,2,0,3,20,4,4
1836,2,1,3,1,2,5,4,5
1837,4,2,2,2,2,23,3,2
1839,1,1,0,0,0,0,4,0
1842,1,0,0,0,0,2,4,1
1844,1,4,2,2,0,4,3,2
1845,2,4,7,5,7,10,3,8
1847,2,4,0,0,0,15,2,1
1849,2,1,7,7,7,7,5,7
1850,1,0,4,0,2,6,3,5
1852,1,1,8,3,10,11,3,11
1853,2,8,0,0,0,4,2,0
1854,1,3,3,3,3,10,1,6
1856,1,4,2,2,0,7,2,2
1857,3,3,8,4,7,12,4,9
1858,1,1,2,2,2,3,2,3
1859,2,8,0,1,6,11,3,7
1860,1,4,0,0,0,8,3,0
1862,2,7,2,2,2,7,3,2
1863,4,2,17,2,8,25,5,19
1864,2,1,8,5,8,9,5,9
1865,1,1,0,0,0,1,3,1
1866,5,7,12,6,14,21,2,16
1867,5,4,10,12,9,29,3,22
1868,1,1,0,1,0,1,3,1
1869,3,5,7,0,7,14,2,8
1870,1,0,6,7,3,8,2,7
1871,2,8,2,2,2,7,2,2
1873,1,8,2,0,4,19,2,5
1875,1,1,0,0,0,1,3,1
1876,1,1,0,0,0,1,3,1
1878,1,1,0,0,0,1,2,1
1880,2,1,9,1,7,10,4,10
1881,2,1,8,0,2,10,2,10
1882,3,2,3,1,0,9,3,5
1883,1,3,2,1,2,11,2,3
1885,2,5,3,0,4,16,2,5
1886,2,0,2,0,2,4,2,3
1888,2,0,8,3,8,10,2,9
1890,2,1,1,0,8,10,2,10
1892,4,2,7,11,16,22,3,19
1893,1,1,0,1,0,1,3,1
1898,2,0,7,0,7,9,5,8
1900,4,3,17,4,7,24,3,22
1903,2,2,0,2,2,10,5,2
1905,1,1,2,3,0,5,2,5
1907,1,1,2,1,0,5,3,4
1908,2,2,2,1,3,12,1,4
1909,2,5,4,1,4,14,3,5
1911,3,9,7,5,7,18,3,13
1912,2,2,2,1,4,8,2,5
1915,2,3,2,0,1,9,3,4
1916,1,8,2,2,2,4,0,2
1918,1,0,7,7,7,8,3,7
1922,2,4,2,0,3,12,3,4
1924,2,1,4,0,9,10,2,10
1927,2,1,7,0,7,7,2,7
1928,1,1,0,0,0,1,3,1
1929,2,6,2,1,2,10,1,3
1931,1,1,3,1,2,6,3,5
1932,2,1,10,6,11,16,3,15
1933,2,3,0,2,2,6,0,2
1934,2,8,7,1,7,16,4,8
1935,2,4,0,0,0,6,3,0
1936,2,1,0,7,9,10,3,10
1937,2,1,11,0,7,20,3,20
1938,4,4,0,0,0,29,2,1
1939,1,3,1,0,3,8,2,4
1940,1,2,2,0,3,10,0,5
1941,5,3,4,4,3,28,3,5
1943,2,3,0,0,0,14,4,0
1944,1,1,0,0,0,1,2,1
1945,2,0,3,0,4,6,2,5
1947,1,1,3,1,4,5,3,5
1948,1,1,2,2,3,4,3,4
1949,1,1,4,0,2,5,3,5
1950,3,1,8,2,1,14,3,14
1951,3,1,7,1,1,9,2,8
1952,1,0,7,7,6,8,6,7
1954,2,0,3,0,2,6,5,5
1955,2,5,1,1,2,9,6,5
1956,2,1,8,8,7,10,6,10
1960,1,5,1,0,3,6,2,4
1961,1,4,0,0,0,20,3,1
1962,2,1,8,0,9,10,2,10
1965,2,1,7,0,7,7,5,7
1966,2,8,0,0,0,8,1,1
1967,2,1,7,0,8,10,4,10
1968,3,6,2,2,2,15,2,2
1969,2,3,3,2,3,9,6,4
1970,2,1,7,2,8,9,2,9
1971,3,1,9,0,9,10,1,10
1972,1,0,2,1,2,7,2,6
1973,5,4,9,1,4,35,0,10
1974,1,1,0,0,0,1,4,1
1975,4,0,8,11,10,21,3,20
1976,2,1,9,3,7,20,2,20
1979,3,4,7,4,8,13,2,11
1980,2,6,2,1,4,9,3,5
1981,2,1,3,1,2,4,2,4
1982,1,1,2,1,4,5,6,5
1985,2,1,9,9,4,10,2,10
1986,2,3,8,5,10,15,4,11
1987,1,4,0,1,2,6,3,2
1989,1,1,8,1,7,12,6,12
1992,1,6,2,0,2,7,2,2
1993,3,2,14,12,11,25,3,17
1994,1,1,1,0,0,1,2,1
1995,2,0,13,5,8,16,3,15
1996,1,0,2,1,2,3,1,2
1997,2,2,3,7,7,10,1,8
1998,2,6,3,1,2,9,3,4
1999,1,3,3,1,0,12,3,5
2000,3,0,8,5,12,14,3,13
2003,1,7,2,2,2,5,3,2
2007,1,0,2,1,2,4,2,3
2008,2,1,7,0,8,10,5,10
2009,2,0,7,8,1,10,6,9
2010,1,1,2,4,1,6,3,6
2012,1,8,0,0,0,8,3,1
2013,1,0,2,2,2,3,2,2
2014,2,7,7,1,7,18,2,7
2015,3,3,16,1,11,20,3,18
2016,3,1,10,5,7,14,3,14
2017,3,1,11,6,8,16,2,16
2018,2,0,3,0,4,6,3,5
2019,1,2,8,0,0,16,3,9
2020,1,6,3,1,2,6,2,4
2021,1,1,2,1,2,2,6,2
2022,5,2,0,1,3,21,3,6
2023,1,1,0,1,0,1,3,1
2024,3,0,7,3,4,10,2,9
2025,2,7,2,0,2,18,3,4
2026,2,1,12,1,9,13,2,13
2027,1,9,2,2,2,4,3,2
2031,5,5,6,4,14,24,2,22
2032,1,8,9,9,8,14,4,10
2034,4,0,7,0,10,21,3,20
2035,2,1,7,1,7,8,2,8
2036,2,1,12,11,11,15,4,15
2037,2,2,4,0,4,14,5,5
2038,1,1,2,1,2,4,4,4
2040,3,1,0,1,7,9,2,9
2041,2,1,7,1,9,10,1,10
2044,2,7,3,0,1,12,3,6
2045,2,4,3,0,0,8,2,6
2046,2,8,3,0,1,8,3,5
2048,1,2,2,2,2,8,2,2
2049,2,1,2,0,2,10,2,10
2051,1,2,3,0,2,20,2,5
2052,1,1,3,1,1,4,5,4
2053,2,4,3,0,3,10,2,4
2054,1,1,4,0,4,5,3,5
2055,3,4,2,2,0,20,3,3
2056,4,0,9,9,6,21,2,20
2057,2,0,4,1,7,10,2,9
2060,1,0,2,0,0,5,2,4
2061,2,4,2,0,3,17,3,5
2062,3,4,7,1,7,9,5,7
2064,2,1,2,0,3,6,0,6
2065,2,2,6,0,8,17,3,9
2068,2,2,3,1,2,6,3,4
